<?xml version="1.0" standalone="yes"?>
<DocumentElement>
  <Mapping>
    <SNo>1</SNo>
    <KurtiDev>!</KurtiDev>
  </Mapping>
  <Mapping>
    <SNo>2</SNo>
    <KurtiDev>1</KurtiDev>
    <UniCode>१</UniCode>
    <UniCodeHex>\u967</UniCodeHex>
  </Mapping>
  <Mapping>
    <SNo>3</SNo>
    <KurtiDev>@</KurtiDev>
  </Mapping>
  <Mapping>
    <SNo>4</SNo>
    <KurtiDev>2</KurtiDev>
    <UniCode>२</UniCode>
    <UniCodeHex>\u968</UniCodeHex>
  </Mapping>
  <Mapping>
    <SNo>5</SNo>
    <KurtiDev>#</KurtiDev>
    <UniCode>रु</UniCode>
    <UniCodeHex>\u930\u941</UniCodeHex>
  </Mapping>
  <Mapping>
    <SNo>6</SNo>
    <KurtiDev>3</KurtiDev>
    <UniCode>३</UniCode>
    <UniCodeHex>\u969</UniCodeHex>
  </Mapping>
  <Mapping>
    <SNo>7</SNo>
    <KurtiDev>$</KurtiDev>
    <UniCode>+</UniCode>
  </Mapping>
  <Mapping>
    <SNo>8</SNo>
    <KurtiDev>4</KurtiDev>
    <UniCode>४</UniCode>
    <UniCodeHex>\u96a</UniCodeHex>
  </Mapping>
  <Mapping>
    <SNo>9</SNo>
    <KurtiDev>%</KurtiDev>
    <UniCode>:</UniCode>
  </Mapping>
  <Mapping>
    <SNo>10</SNo>
    <KurtiDev>5</KurtiDev>
    <UniCode>५</UniCode>
    <UniCodeHex>\u96b</UniCodeHex>
  </Mapping>
  <Mapping>
    <SNo>11</SNo>
    <KurtiDev>^</KurtiDev>
  </Mapping>
  <Mapping>
    <SNo>12</SNo>
    <KurtiDev>6</KurtiDev>
    <UniCode>६</UniCode>
    <UniCodeHex>\u96c</UniCodeHex>
  </Mapping>
  <Mapping>
    <SNo>13</SNo>
    <KurtiDev>&amp;</KurtiDev>
    <UniCode>-</UniCode>
  </Mapping>
  <Mapping>
    <SNo>14</SNo>
    <KurtiDev>7</KurtiDev>
    <UniCode>७</UniCode>
    <UniCodeHex>\u96d</UniCodeHex>
  </Mapping>
  <Mapping>
    <SNo>15</SNo>
    <KurtiDev>*</KurtiDev>
    <UniCodeHex>90e</UniCodeHex>
  </Mapping>
  <Mapping>
    <SNo>16</SNo>
    <KurtiDev>8</KurtiDev>
    <UniCode>८</UniCode>
    <UniCodeHex>\u96e</UniCodeHex>
  </Mapping>
  <Mapping>
    <SNo>17</SNo>
    <KurtiDev>(</KurtiDev>
    <UniCode>;</UniCode>
  </Mapping>
  <Mapping>
    <SNo>18</SNo>
    <KurtiDev>9</KurtiDev>
    <UniCode>९</UniCode>
    <UniCodeHex>\u9f</UniCodeHex>
  </Mapping>
  <Mapping>
    <SNo>19</SNo>
    <KurtiDev>)</KurtiDev>
  </Mapping>
  <Mapping>
    <SNo>20</SNo>
    <KurtiDev>0</KurtiDev>
    <UniCode>०</UniCode>
    <UniCodeHex>\u966</UniCodeHex>
  </Mapping>
  <Mapping>
    <SNo>21</SNo>
    <KurtiDev>_</KurtiDev>
    <UniCode>ऋ</UniCode>
    <UniCodeHex>\u90b</UniCodeHex>
  </Mapping>
  <Mapping>
    <SNo>22</SNo>
    <KurtiDev>-</KurtiDev>
    <UniCode>*</UniCode>
  </Mapping>
  <Mapping>
    <SNo>23</SNo>
    <KurtiDev>+</KurtiDev>
    <UniCode>.</UniCode>
  </Mapping>
  <Mapping>
    <SNo>24</SNo>
    <KurtiDev>=</KurtiDev>
    <UniCode>त्र</UniCode>
    <UniCodeHex>\u924\u94d\u930</UniCodeHex>
  </Mapping>
  <Mapping>
    <SNo>25</SNo>
    <KurtiDev>|</KurtiDev>
    <UniCode>ध</UniCode>
    <UniCodeHex>\u927</UniCodeHex>
  </Mapping>
  <Mapping>
    <SNo>26</SNo>
    <KurtiDev>\</KurtiDev>
    <UniCode>?</UniCode>
  </Mapping>
  <Mapping>
    <SNo>27</SNo>
    <KurtiDev>Q</KurtiDev>
    <UniCode>फ</UniCode>
    <UniCodeHex>\u92b</UniCodeHex>
  </Mapping>
  <Mapping>
    <SNo>28</SNo>
    <KurtiDev>q</KurtiDev>
    <UniCode>ु</UniCode>
    <UniCodeHex>\u941</UniCodeHex>
  </Mapping>
  <Mapping>
    <SNo>29</SNo>
    <KurtiDev>W</KurtiDev>
  </Mapping>
  <Mapping>
    <SNo>30</SNo>
    <KurtiDev>w</KurtiDev>
    <UniCode>ू</UniCode>
    <UniCodeHex>\u942</UniCodeHex>
  </Mapping>
  <Mapping>
    <SNo>31</SNo>
    <KurtiDev>E</KurtiDev>
    <UniCode>म्</UniCode>
    <UniCodeHex>\u92e\u94d</UniCodeHex>
  </Mapping>
  <Mapping>
    <SNo>32</SNo>
    <KurtiDev>e</KurtiDev>
    <UniCode>म</UniCode>
    <UniCodeHex>\u92e</UniCodeHex>
  </Mapping>
  <Mapping>
    <SNo>33</SNo>
    <KurtiDev>R</KurtiDev>
    <UniCode>त्</UniCode>
    <UniCodeHex>\u924\u94d</UniCodeHex>
  </Mapping>
  <Mapping>
    <SNo>34</SNo>
    <KurtiDev>r</KurtiDev>
    <UniCode>त</UniCode>
    <UniCodeHex>\u924</UniCodeHex>
  </Mapping>
  <Mapping>
    <SNo>35</SNo>
    <KurtiDev>T</KurtiDev>
    <UniCode>ज्</UniCode>
    <UniCodeHex>\u91c\u94d</UniCodeHex>
  </Mapping>
  <Mapping>
    <SNo>36</SNo>
    <KurtiDev>t</KurtiDev>
    <UniCode>ज</UniCode>
    <UniCodeHex>\u91c</UniCodeHex>
  </Mapping>
  <Mapping>
    <SNo>37</SNo>
    <KurtiDev>Y</KurtiDev>
    <UniCode>ल्</UniCode>
    <UniCodeHex>\u932\u94d</UniCodeHex>
  </Mapping>
  <Mapping>
    <SNo>38</SNo>
    <KurtiDev>y</KurtiDev>
    <UniCode>ल</UniCode>
    <UniCodeHex>\u932</UniCodeHex>
  </Mapping>
  <Mapping>
    <SNo>131</SNo>
    <KurtiDev>U</KurtiDev>
    <UniCode>न्</UniCode>
    <UniCodeHex>\u928\u94d</UniCodeHex>
  </Mapping>
  <Mapping>
    <SNo>39</SNo>
    <KurtiDev>u</KurtiDev>
    <UniCode>न</UniCode>
    <UniCodeHex>\u928</UniCodeHex>
  </Mapping>
  <Mapping>
    <SNo>40</SNo>
    <KurtiDev>I</KurtiDev>
    <UniCode>प्</UniCode>
    <UniCodeHex>\u92a\u94d</UniCodeHex>
  </Mapping>
  <Mapping>
    <SNo>41</SNo>
    <KurtiDev>i</KurtiDev>
    <UniCode>प</UniCode>
    <UniCodeHex>\u92a</UniCodeHex>
  </Mapping>
  <Mapping>
    <SNo>42</SNo>
    <KurtiDev>O</KurtiDev>
    <UniCode>व्</UniCode>
    <UniCodeHex>\u935\u94d</UniCodeHex>
  </Mapping>
  <Mapping>
    <SNo>43</SNo>
    <KurtiDev>o</KurtiDev>
    <UniCode>व</UniCode>
    <UniCodeHex>\u935</UniCodeHex>
  </Mapping>
  <Mapping>
    <SNo>44</SNo>
    <KurtiDev>P</KurtiDev>
    <UniCode>च्</UniCode>
    <UniCodeHex>\u91a\u94d</UniCodeHex>
  </Mapping>
  <Mapping>
    <SNo>45</SNo>
    <KurtiDev>p</KurtiDev>
    <UniCode>च</UniCode>
    <UniCodeHex>\u91a</UniCodeHex>
  </Mapping>
  <Mapping>
    <SNo>46</SNo>
    <KurtiDev>{</KurtiDev>
    <UniCode>क्ष्</UniCode>
    <UniCodeHex>\u915\u94d\u937\u94d</UniCodeHex>
  </Mapping>
  <Mapping>
    <SNo>47</SNo>
    <KurtiDev>[</KurtiDev>
    <UniCode>ख्</UniCode>
    <UniCodeHex>\u916\u94d</UniCodeHex>
  </Mapping>
  <Mapping>
    <SNo>48</SNo>
    <KurtiDev>}</KurtiDev>
  </Mapping>
  <Mapping>
    <SNo>49</SNo>
    <KurtiDev>]</KurtiDev>
    <UniCode>,</UniCode>
  </Mapping>
  <Mapping>
    <SNo>50</SNo>
    <KurtiDev>~</KurtiDev>
  </Mapping>
  <Mapping>
    <SNo>51</SNo>
    <KurtiDev>`</KurtiDev>
  </Mapping>
  <Mapping>
    <SNo>52</SNo>
    <KurtiDev>k</KurtiDev>
    <UniCode>ा</UniCode>
    <UniCodeHex>\u93e</UniCodeHex>
    <ReplaceCharacter>अ,्,ि</ReplaceCharacter>
    <ReplaceWith>आ,,ि</ReplaceWith>
  </Mapping>
  <Mapping>
    <SNo>53</SNo>
    <KurtiDev>a</KurtiDev>
    <UniCode>ं</UniCode>
    <UniCodeHex>\u902</UniCodeHex>
  </Mapping>
  <Mapping>
    <SNo>54</SNo>
    <KurtiDev>S</KurtiDev>
    <UniCode>ै</UniCode>
    <UniCodeHex>\u948</UniCodeHex>
    <ReplaceCharacter>ा,आ</ReplaceCharacter>
    <ReplaceWith>ौ,औ</ReplaceWith>
  </Mapping>
  <Mapping>
    <SNo>55</SNo>
    <KurtiDev>s</KurtiDev>
    <UniCode>े</UniCode>
    <UniCodeHex>\u947</UniCodeHex>
    <ReplaceCharacter>ा,आ,ए</ReplaceCharacter>
    <ReplaceWith>ो,ओ,ऐ</ReplaceWith>
  </Mapping>
  <Mapping>
    <SNo>56</SNo>
    <KurtiDev>D</KurtiDev>
    <UniCode>क्</UniCode>
    <UniCodeHex>\u915\u94d</UniCodeHex>
  </Mapping>
  <Mapping>
    <SNo>57</SNo>
    <KurtiDev>d</KurtiDev>
    <UniCode>क</UniCode>
    <UniCodeHex>\u915</UniCodeHex>
  </Mapping>
  <Mapping>
    <SNo>58</SNo>
    <KurtiDev>F</KurtiDev>
    <UniCode>थ्</UniCode>
    <UniCodeHex>\u925\u94d</UniCodeHex>
  </Mapping>
  <Mapping>
    <SNo>59</SNo>
    <KurtiDev>f</KurtiDev>
    <UniCode>ि</UniCode>
    <UniCodeHex>\u93f</UniCodeHex>
    <PostFix>true</PostFix>
    <ReplaceCharacter>्</ReplaceCharacter>
    <ReplaceWith>ि</ReplaceWith>
  </Mapping>
  <Mapping>
    <SNo>60</SNo>
    <KurtiDev>G</KurtiDev>
    <UniCode>ळ</UniCode>
    <UniCodeHex>\u933</UniCodeHex>
  </Mapping>
  <Mapping>
    <SNo>61</SNo>
    <KurtiDev>g</KurtiDev>
    <UniCode>ह</UniCode>
    <UniCodeHex>\u939</UniCodeHex>
  </Mapping>
  <Mapping>
    <SNo>62</SNo>
    <KurtiDev>H</KurtiDev>
    <UniCode>भ्</UniCode>
    <UniCodeHex>\u92d\u94d</UniCodeHex>
  </Mapping>
  <Mapping>
    <SNo>63</SNo>
    <KurtiDev>h</KurtiDev>
    <UniCode>ी</UniCode>
    <UniCodeHex>\u940</UniCodeHex>
  </Mapping>
  <Mapping>
    <SNo>64</SNo>
    <KurtiDev>J</KurtiDev>
    <UniCode>श्र</UniCode>
    <UniCodeHex>\u936\u94d\u930</UniCodeHex>
  </Mapping>
  <Mapping>
    <SNo>65</SNo>
    <KurtiDev>j</KurtiDev>
    <UniCode>र</UniCode>
    <UniCodeHex>\u930</UniCodeHex>
  </Mapping>
  <Mapping>
    <SNo>66</SNo>
    <KurtiDev>l</KurtiDev>
    <UniCode>स</UniCode>
    <UniCodeHex>\u938</UniCodeHex>
  </Mapping>
  <Mapping>
    <SNo>133</SNo>
    <KurtiDev>K</KurtiDev>
    <UniCode>ज्ञ</UniCode>
    <UniCodeHex>\u91c\u94d\u91e</UniCodeHex>
  </Mapping>
  <Mapping>
    <SNo>134</SNo>
    <KurtiDev>L</KurtiDev>
    <UniCode>स्</UniCode>
    <UniCodeHex>\u938\u94d</UniCodeHex>
  </Mapping>
  <Mapping>
    <SNo>135</SNo>
    <KurtiDev>:</KurtiDev>
    <UniCode>रू</UniCode>
    <UniCodeHex>\u930\u942</UniCodeHex>
  </Mapping>
  <Mapping>
    <SNo>136</SNo>
    <KurtiDev>;</KurtiDev>
    <UniCode>य</UniCode>
    <UniCodeHex>\u92f</UniCodeHex>
  </Mapping>
  <Mapping>
    <SNo>137</SNo>
    <KurtiDev>"</KurtiDev>
    <UniCode>ष्</UniCode>
    <UniCodeHex>\u937\u94d</UniCodeHex>
  </Mapping>
  <Mapping>
    <SNo>138</SNo>
    <KurtiDev>'</KurtiDev>
    <UniCode>श्</UniCode>
    <UniCodeHex>\u936\u94d</UniCodeHex>
  </Mapping>
  <Mapping>
    <SNo>139</SNo>
    <KurtiDev>X</KurtiDev>
    <UniCode>ग्</UniCode>
    <UniCodeHex>\u917\u94d</UniCodeHex>
  </Mapping>
  <Mapping>
    <SNo>140</SNo>
    <KurtiDev>x</KurtiDev>
    <UniCode>ग</UniCode>
    <UniCodeHex>\u917</UniCodeHex>
  </Mapping>
  <Mapping>
    <SNo>141</SNo>
    <KurtiDev>c</KurtiDev>
    <UniCode>ब</UniCode>
    <UniCodeHex>\u92c</UniCodeHex>
  </Mapping>
  <Mapping>
    <SNo>142</SNo>
    <KurtiDev>C</KurtiDev>
    <UniCode>ब्</UniCode>
    <UniCodeHex>\u92c\u94d</UniCodeHex>
  </Mapping>
  <Mapping>
    <SNo>143</SNo>
    <KurtiDev>V</KurtiDev>
    <UniCode>ट</UniCode>
    <UniCodeHex>\u91f</UniCodeHex>
  </Mapping>
  <Mapping>
    <SNo>144</SNo>
    <KurtiDev>B</KurtiDev>
    <UniCode>ठ</UniCode>
    <UniCodeHex>\u920</UniCodeHex>
  </Mapping>
  <Mapping>
    <SNo>145</SNo>
    <KurtiDev>b</KurtiDev>
    <UniCode>इ</UniCode>
    <UniCodeHex>\u907</UniCodeHex>
  </Mapping>
  <Mapping>
    <SNo>146</SNo>
    <KurtiDev>N</KurtiDev>
    <UniCode>छ</UniCode>
    <UniCodeHex>\u91b</UniCodeHex>
  </Mapping>
  <Mapping>
    <SNo>147</SNo>
    <KurtiDev>n</KurtiDev>
    <UniCode>द</UniCode>
    <UniCodeHex>\u926</UniCodeHex>
  </Mapping>
  <Mapping>
    <SNo>148</SNo>
    <KurtiDev>M</KurtiDev>
    <UniCode>ड</UniCode>
    <UniCodeHex>\u921</UniCodeHex>
  </Mapping>
  <Mapping>
    <SNo>149</SNo>
    <KurtiDev>m</KurtiDev>
    <UniCode>उ</UniCode>
    <UniCodeHex>\u909</UniCodeHex>
  </Mapping>
  <Mapping>
    <SNo>150</SNo>
    <KurtiDev>&lt;</KurtiDev>
    <UniCode>ढ</UniCode>
    <UniCodeHex>\u922</UniCodeHex>
  </Mapping>
  <Mapping>
    <SNo>151</SNo>
    <KurtiDev>,</KurtiDev>
    <UniCode>ए</UniCode>
    <UniCodeHex>\u90f</UniCodeHex>
  </Mapping>
  <Mapping>
    <SNo>152</SNo>
    <KurtiDev>&gt;</KurtiDev>
    <UniCode>झ</UniCode>
    <UniCodeHex>\u91d</UniCodeHex>
  </Mapping>
  <Mapping>
    <SNo>153</SNo>
    <KurtiDev>.</KurtiDev>
    <UniCode>ण्</UniCode>
    <UniCodeHex>\u923\u94d</UniCodeHex>
  </Mapping>
  <Mapping>
    <SNo>154</SNo>
    <KurtiDev>?</KurtiDev>
    <UniCode>घ्</UniCode>
    <UniCodeHex>\u918\u94d</UniCodeHex>
  </Mapping>
  <Mapping>
    <SNo>155</SNo>
    <KurtiDev>/</KurtiDev>
    <UniCode>ध्</UniCode>
    <UniCodeHex>\u927\u94d</UniCodeHex>
  </Mapping>
  <Mapping>
    <SNo>156</SNo>
    <KurtiDev>v</KurtiDev>
    <UniCode>अ</UniCode>
    <UniCodeHex>\u905</UniCodeHex>
  </Mapping>
  <Mapping>
    <SNo>157</SNo>
    <KurtiDev>A</KurtiDev>
    <UniCode>।</UniCode>
    <UniCodeHex>\u964</UniCodeHex>
  </Mapping>
  <Mapping>
    <SNo>158</SNo>
    <KurtiDev>Z</KurtiDev>
    <UniCode>र्</UniCode>
    <UniCodeHex>\u930\u94d</UniCodeHex>
    <PreFix>true</PreFix>
    <SkipCharPosPreFix>ा</SkipCharPosPreFix>
  </Mapping>
  <Mapping>
    <SNo>159</SNo>
    <KurtiDev>z</KurtiDev>
    <UniCode>्र</UniCode>
    <UniCodeHex>\u94d\u930</UniCodeHex>
  </Mapping>
  <Mapping>
    <SNo>160</SNo>
    <KurtiDev>”</KurtiDev>
    <UniCode>श्</UniCode>
    <UniCodeHex>\u936\u94d</UniCodeHex>
  </Mapping>
  <Mapping>
    <SNo>161</SNo>
    <KurtiDev>’</KurtiDev>
    <UniCode>ष्</UniCode>
    <UniCodeHex>\u937\u94d</UniCodeHex>
  </Mapping>
  <Mapping>
    <SNo>162</SNo>
    <KurtiDev>“</KurtiDev>
    <UniCode>श्</UniCode>
    <UniCodeHex>\u936\u94d</UniCodeHex>
  </Mapping>
  <Mapping>
    <SNo>163</SNo>
    <KurtiDev>ª</KurtiDev>
    <UniCode>्र</UniCode>
    <UniCodeHex>\u94d\u930</UniCodeHex>
  </Mapping>
  <Mapping>
    <SNo>164</SNo>
    <KurtiDev>Ý</KurtiDev>
    <UniCode>फ्र</UniCode>
    <UniCodeHex>\u92b\u94d\u930</UniCodeHex>
  </Mapping>
  <Mapping>
    <SNo>165</SNo>
    <KurtiDev>¶</KurtiDev>
    <UniCode>फ्</UniCode>
    <UniCodeHex>\u92b\u94d</UniCodeHex>
  </Mapping>
</DocumentElement>