﻿<?xml version="1.0" encoding="utf-8"?>
<IFX>
	<SignonRq>
		<SessOverrideFlag>0</SessOverrideFlag>
		<SignonPswd>
			<SignonRole>CSR</SignonRole>
			<CustId>
				<SPName>FiservCBS</SPName>
				<CustLoginId>comr152</CustLoginId>
			</CustId>
			<CustPswd>
				<CryptType>NONE</CryptType>
				<Pswd>topdog1</Pswd>
			</CustPswd>
			<GenSessKey>0</GenSessKey>
		</SignonPswd>
		<ClientDt>
			<Year>2009</Year>
			<Month>4</Month>
			<Day>13</Day>
			<Hour>10</Hour>
			<Minute>19</Minute>
			<Second>51</Second>
		</ClientDt>
		<ClientApp>
			<Org>Fiserv</Org>
			<Name>CommAdmin</Name>
			<ClientAppKey>CBSILOUBHLLZSUPFBTEMBUHQJOIVKDBR</ClientAppKey>
		</ClientApp>
		<ComputerId>BLNYXPFGS5</ComputerId>
		<InstitutionCode>CBSIL</InstitutionCode>
	</SignonRq>
	<EnvironmentInfo>
		<EnvironmentName>rlsbank</EnvironmentName>
	</EnvironmentInfo>
	<CashManSvcRq>
		<RqUID>6d2ad207-2181-44bd-92a6-0db5e84c1e9a</RqUID>
		<SPName>FiservCBS</SPName>
		[Signifies LNP Request]
		<PmtAddRq>
			<RqUID>9ceb053a-996a-46ce-bbd1-be564ff280b7</RqUID>
			<AccessId RqEchoFlag="0">7891520999999999</AccessId>
			<PmtInfo>
				<RemitInfo>
					<CustPayeeInfo>
						<XferPayee>
							<LoanAcctIdTo>
								[ToAccountNumber]
								<AcctId>398158601</AcctId>
								[ToAccountType]
								<AcctType>LN</AcctType>		
								<BankInfo>
									[ToABANum]
									<BankId>021912915</BankId>	
								</BankInfo>
							</LoanAcctIdTo>
						</XferPayee>
					</CustPayeeInfo>
					<RemitDetail>
						[Amount]
						<CurAmt>
							<Amt>10.2236</Amt>
						</CurAmt>
						[PaymentType]
						<LoanPmtType>Principal</LoanPmtType>
					</RemitDetail>
					<CurAmt>
						<Amt>10.2236</Amt>
					</CurAmt>
				</RemitInfo>
				<DepAcctIdFrom>
					[FromAccountNumber]
					<AcctId>398158602</AcctId>
					[FromAccountType]
					<AcctType>DD</AcctType>			
					<BankInfo>
						[FromABA]
						<BankId>021912915</BankId>		
					</BankInfo>
				</DepAcctIdFrom>
				<PrcDt>
					<Year>2009</Year>
					<Month>4</Month>
					<Day>13</Day>
				</PrcDt>
			</PmtInfo>
		</PmtAddRq>
	</CashManSvcRq>
</IFX>

