﻿<?xml version="1.0" encoding="utf-8"?>

<IFX>
	<SignonRq>
		<SessOverrideFlag>0</SessOverrideFlag>
		<SignonPswd>
			<SignonRole>CSR</SignonRole>
			<CustId>
				<SPName>FiservCBS</SPName>
				<CustLoginId>comr152</CustLoginId>
			</CustId>
			<CustPswd>
				<CryptType>NONE</CryptType>
				<Pswd>topdog1</Pswd>
			</CustPswd>
			<GenSessKey>0</GenSessKey>
		</SignonPswd>
		<ClientDt>
			<Year>2009</Year>
			<Month>3</Month>
			<Day>12</Day>
			<Hour>5</Hour>
			<Minute>42</Minute>
			<Second>20</Second>
		</ClientDt>
		<ClientApp>
			<Org>Fiserv</Org>
			<Name>CommAdmin</Name>
			<ClientAppKey>CBSILOUBHLLZSUPFBTEMBUHQJOIVKDBR</ClientAppKey>
		</ClientApp>
		<ComputerId>BLNYV03CBST201</ComputerId>
		<InstitutionCode>CBSIL</InstitutionCode>
	</SignonRq>
	<EnvironmentInfo>
		<EnvironmentName>rlsbank</EnvironmentName>
	</EnvironmentInfo>
	<CashManSvcRq>
		<RqUID>e6489828-11f2-4572-a8a0-92971594f70a</RqUID>
		<SPName>FiservCBS</SPName>
		<StopChkAddRq>
			[Signifies STP Request]
			<RqUID>1f68c136-8b3d-4b8f-91b3-42f42c08cbaf</RqUID>
			<BankRoutingInfo>
				<RoutingNum>021912915</RoutingNum>		[ABA Number]
			</BankRoutingInfo>
			<DepAcctId>
				<AcctId>9995552229</AcctId>			[Account ID]
				<AcctType>SV</AcctType>				[Account Type]
			</DepAcctId>
			<RecType>Stop</RecType>				[Stop Description]
			<StopChkInfo>
				<ChkNum>756756</ChkNum>			[Check Number]
				<ChkRange>
					<ChkNumStart>756756</ChkNumStart>
					<ChkNumEnd />
				</ChkRange>
				<Name>ds</Name>
				<CurAmt>
					<Amt>23.00</Amt>
				</CurAmt>
				<OrigDt>
					<Year>2009</Year>
					<Month>3</Month>
					<Day>12</Day>
				</OrigDt>
				<ReasonDesc>as</ReasonDesc>
				<ChkNumRqFlag>Y</ChkNumRqFlag>
				<EnterDt>
					<Year>2009</Year>
					<Month>3</Month>
					<Day>12</Day>
				</EnterDt>
				<ExpDt>
					<Year>2009</Year>
					<Month>9</Month>
					<Day>8</Day>
				</ExpDt>
				<CardSignedFlag>1</CardSignedFlag>
			</StopChkInfo>
		</StopChkAddRq>
	</CashManSvcRq>
</IFX>

