﻿<?xml version="1.0" encoding="utf-8"?>
<IFX xmlns:xsd="http://www.w3.org/2001/XMLSchema" xmlns:xsi="http://www.w3.org/2001/XMLSchema-instance" xmlns="http://www.fiserv.com/cbs">
	<GeneralStatus>
		<StatusCode>0</StatusCode>
		<StatusLevel>IFX</StatusLevel>
		<StatusDesc>The request was processed successfully.</StatusDesc>
	</GeneralStatus>
	<Status>
		<StatusCode>0</StatusCode>
		<Severity>Info</Severity>
		<StatusDesc>The request was processed successfully.</StatusDesc>
		<SupportUID>574995B4-FE25-4594-B197-D3CF66930C01</SupportUID>
	</Status>
	<SignonRs>
		<Status>
			<StatusCode>0</StatusCode>
			<Severity>Info</Severity>
			<StatusDesc>The request was processed successfully.</StatusDesc>
			<SupportUID>FA2F0E7A-6C11-495C-9213-1464DA3EA210</SupportUID>
		</Status>
		<SignonRole>CSR</SignonRole>
		<CustId>
			<SPName>FiservCBS</SPName>
			<CustLoginId>comr152</CustLoginId>
		</CustId>
		<GenSessKey>0</GenSessKey>
		<ClientDt>
			<Year>2009</Year>
			<Month>3</Month>
			<Day>31</Day>
			<Hour>5</Hour>
			<Minute>3</Minute>
			<Second>6</Second>
		</ClientDt>
		<CustLangPref />
		<ClientApp>
			<Org>Fiserv</Org>
			<Name>CommAdmin</Name>
			<ClientAppKey>CBSILOUBHLLZSUPFBTEMBUHQJOIVKDBR</ClientAppKey>
		</ClientApp>
		<ServerDt>
			<Year>2009</Year>
			<Month>3</Month>
			<Day>31</Day>
			<Hour>3</Hour>
			<Minute>50</Minute>
			<Second>36</Second>
			<Fraction>531000</Fraction>
			<UTCOffset>-300</UTCOffset>
		</ServerDt>
		<Language>en-US</Language>
		<PersonName>
			<LastName>user</LastName>
			<FirstName>fiserv</FirstName>
		</PersonName>
	</SignonRs>
	<EnvironmentInfo>
		<EnvironmentName>rlsbank</EnvironmentName>
	</EnvironmentInfo>
	<CashManSvcRs>
		<Status>
			<StatusCode>0</StatusCode>
			<Severity>Info</Severity>
			<StatusDesc>The request was processed successfully.</StatusDesc>
			<SupportUID>2D17A11D-9D59-4007-8AB4-59C1719F29F5</SupportUID>
		</Status>
		<RqUID>2d17a11d-9d59-4007-8ab4-59c1719f29f5</RqUID>
		<SPName>FiservCBS</SPName>
		<Version>8.1.0.9</Version>
		<HostStatusInqRs>
			[Signifies ECO Response]

			<Status>
				<StatusCode>0</StatusCode>	[No Error]

				<Severity>Info</Severity>
				<StatusDesc>The request was processed successfully.</StatusDesc>
				<SupportUID>8131B6CE-9FD9-4062-8B27-03F6530434DB</SupportUID>
			</Status>
			<RqUID>767782bd-0951-471e-90a8-93c556782d30</RqUID>
			<HostCommFlag>1</HostCommFlag>
			<HostTellerFlag>1</HostTellerFlag>
			<EFTFlag>1</EFTFlag>
			<PCOMBFlag>0</PCOMBFlag>
		</HostStatusInqRs>
	</CashManSvcRs>
</IFX>


