﻿<?xml version="1.0" ?>
<IFX xmlns:xsd="http://www.w3.org/2001/XMLSchema" xmlns:xsi="http://www.w3.org/2001/XMLSchema-instance" xmlns="http://www.fiserv.com/cbs">
	<GeneralStatus>
		<StatusCode>0</StatusCode>
		<StatusLevel>IFX</StatusLevel>
		<StatusDesc>The request was processed successfully.</StatusDesc>
	</GeneralStatus>
	<Status>
		<StatusCode>0</StatusCode>
		<Severity>Info</Severity>
		<StatusDesc>The request was processed successfully.</StatusDesc>
		<SupportUID>E12E6F29-6059-4172-8832-9689ECD15C79</SupportUID>
	</Status>
	<SignonRs>
		<Status>
			<StatusCode>0</StatusCode>
			<Severity>Info</Severity>
			<StatusDesc>The request was processed successfully.</StatusDesc>
			<SupportUID>A4BE0CB1-8D6D-4A99-AB0D-2B416F82B0FE</SupportUID>
		</Status>
		<SignonRole>CSR</SignonRole>
		<CustId>
			<SPName>FiservCBS</SPName>
			<CustLoginId>comr152</CustLoginId>
		</CustId>
		<GenSessKey>0</GenSessKey>
		<ClientDt>
			<Year>2009</Year>
			<Month>3</Month>
			<Day>11</Day>
			<Hour>15</Hour>
			<Minute>43</Minute>
			<Second>51</Second>
		</ClientDt>
		<CustLangPref />
		<ClientApp>
			<Org>Fiserv</Org>
			<Name>CommAdmin</Name>
			<ClientAppKey>CBSILOUBHLLZSUPFBTEMBUHQJOIVKDBR</ClientAppKey>
		</ClientApp>
		<ServerDt>
			<Year>2009</Year>
			<Month>3</Month>
			<Day>11</Day>
			<Hour>14</Hour>
			<Minute>31</Minute>
			<Second>36</Second>
			<Fraction>15000</Fraction>
			<UTCOffset>-300</UTCOffset>
		</ServerDt>
		<Language>en-US</Language>
		<PersonName>
			<LastName>user</LastName>
			<FirstName>fiserv</FirstName>
		</PersonName>
	</SignonRs>
	<EnvironmentInfo>
		<EnvironmentName>rlsbank</EnvironmentName>
	</EnvironmentInfo>
	<CashManSvcRs>
		<Status>
			<StatusCode>0</StatusCode>
			<Severity>Info</Severity>
			<StatusDesc>The request was processed successfully.</StatusDesc>
			<SupportUID>2426369D-2A7C-4701-8567-B170829F1BB4</SupportUID>
		</Status>
		<RqUID>2426369d-2a7c-4701-8567-b170829f1bb4</RqUID>
		<SPName>FiservCBS</SPName>
		<Version>8.1.0.9</Version>
		<LoanAcctTrnInqRs>
			<Status>
				<StatusCode>0</StatusCode>
				<Severity>Info</Severity>
				<StatusDesc>The request was processed successfully.</StatusDesc>
				<SupportUID>B11C940E-FE66-41B8-A13F-965658D28B7D</SupportUID>
			</Status>
			<RqUID>ddd438b7-71cb-439a-9f3a-d554b13d88f3</RqUID>
			<RecCtrlOut>
				<MatchedRec>0</MatchedRec>
				<SentRec>10</SentRec>
				<Cursor />
			</RecCtrlOut>
			<LoanAcctId>
				<AcctId>3106</AcctId>				[Account ID, Send back with response]
				<AcctType>LN</AcctType> 				[Account Type, Send back with Response]

			</LoanAcctId>
			<LoanAcctTrnRec>
				<BankAcctTrnRec>
					<TrnType>Credit</TrnType>
					<PostedDt>
						<Year>2009</Year> 					[Date][EffectiveDate]

						<Month>3</Month>
						<Day>3</Day>
					</PostedDt>
					<OrigDt>
						<Year>2009</Year>
						<Month>3</Month>
						<Day>3</Day>
					</OrigDt>
					<CurAmt>
						[Transcation Amount]
						<Amt>0.01</Amt>
					</CurAmt>
					[TransactionDesc]
					<TranDesc1>LATE FEE ASSESS</TranDesc1>
					<CSPRefId>000006803032009</CSPRefId>
					[TranCode]
					<TrnCode>08500</TrnCode>
					<ProcessSupplementalAdjustmentsFlag>0</ProcessSupplementalAdjustmentsFlag>
					<ExtensionRenewalType>Regular</ExtensionRenewalType>
				</BankAcctTrnRec>
				<AcctBal>
					[PrincipalBalance]
					<BalType>Principal</BalType>
					<CurAmt>
						<Amt>69.29</Amt>
					</CurAmt>
				</AcctBal>
				<LoanPmtRec>
					[Principal Amount]
					<LoanPmtType>Principal</LoanPmtType>
					<LoanPmtAmt>
						<Amt>0.00</Amt>
					</LoanPmtAmt>
				</LoanPmtRec>
				<LoanPmtRec>
					<LoanPmtType>LateFee</LoanPmtType>
					<LoanPmtAmt>
						<Amt>0.01</Amt>
					</LoanPmtAmt>
				</LoanPmtRec>
				<LoanPmtRec>
					[InterestAmount]
					<LoanPmtType>Interest</LoanPmtType>
					<LoanPmtAmt>
						<Amt>0.00</Amt>
					</LoanPmtAmt>
				</LoanPmtRec>
				<LoanPmtRec>
					<LoanPmtType>Escrow</LoanPmtType>
					<LoanPmtAmt>
						<Amt>0.00</Amt> 					[Escrow Amount]

					</LoanPmtAmt>
				</LoanPmtRec>
				<LoanPmtRec>
					[Charge Amount]
					<LoanPmtType>Fee</LoanPmtType>
					<LoanPmtAmt>
						<Amt>0.00</Amt>
					</LoanPmtAmt>
				</LoanPmtRec>
				<LoanPmtRec>
					<LoanPmtType>FeeAmt1</LoanPmtType>
					<LoanPmtAmt>
						<Amt>0.00</Amt>
					</LoanPmtAmt>
				</LoanPmtRec>
				<LoanPmtRec>
					<LoanPmtType>FeeAmt2</LoanPmtType>
					<LoanPmtAmt>
						<Amt>0.00</Amt>
					</LoanPmtAmt>
				</LoanPmtRec>
				<LoanPmtRec>
					<LoanPmtType>CreditLifeIns</LoanPmtType>
					<LoanPmtAmt>
						<Amt>0.00</Amt>
					</LoanPmtAmt>
				</LoanPmtRec>
				<LoanPmtRec>
					<LoanPmtType>AHIns</LoanPmtType>
					<LoanPmtAmt>
						<Amt>0.00</Amt>
					</LoanPmtAmt>
				</LoanPmtRec>
				<LoanPmtRec>
					<LoanPmtType>OtherIns</LoanPmtType>
					<LoanPmtAmt>
						<Amt>0.00</Amt>
					</LoanPmtAmt>
				</LoanPmtRec>
				<LoanPmtRec>
					<LoanPmtType>FeeWaived</LoanPmtType>
					<LoanPmtAmt>
						<Amt>0.00</Amt>
					</LoanPmtAmt>
				</LoanPmtRec>
				<LoanPmtRec>
					<LoanPmtType>FeeAssessed</LoanPmtType>
					<LoanPmtAmt>
						<Amt>0.00</Amt>
					</LoanPmtAmt>
				</LoanPmtRec>
				<LoanPmtRec>
					<LoanPmtType>FeePaid</LoanPmtType>
					<LoanPmtAmt>
						<Amt>0.00</Amt>
					</LoanPmtAmt>
				</LoanPmtRec>
				<DueDt>
					<Year>2009</Year>
					<Month>2</Month>
					<Day>21</Day>
				</DueDt>
				<IntPaidToDt>
					<Year>0000</Year>
					<Month>0</Month>
					<Day>0</Day>
				</IntPaidToDt>
			</LoanAcctTrnRec>
			<LoanAcctTrnRec>
				<BankAcctTrnRec>
					<TrnType>Credit</TrnType>
					<PostedDt>
						<Year>2009</Year>
						<Month>1</Month>
						<Day>30</Day>
					</PostedDt>
					<OrigDt>
						<Year>2009</Year>
						<Month>1</Month>
						<Day>30</Day>
					</OrigDt>
					<CurAmt>
						<Amt>0.01</Amt>
					</CurAmt>
					<TranDesc1>LATE FEE ASSESS</TranDesc1>
					<CSPRefId>000006701302009</CSPRefId>
					<TrnCode>08500</TrnCode>
					<ProcessSupplementalAdjustmentsFlag>0</ProcessSupplementalAdjustmentsFlag>
					<ExtensionRenewalType>Regular</ExtensionRenewalType>
				</BankAcctTrnRec>
				<AcctBal>
					<BalType>Principal</BalType>
					<CurAmt>
						<Amt>69.29</Amt>
					</CurAmt>
				</AcctBal>
				<LoanPmtRec>
					<LoanPmtType>Principal</LoanPmtType>
					<LoanPmtAmt>
						<Amt>0.00</Amt>
					</LoanPmtAmt>
				</LoanPmtRec>
				<LoanPmtRec>
					<LoanPmtType>LateFee</LoanPmtType>
					<LoanPmtAmt>
						<Amt>0.01</Amt>
					</LoanPmtAmt>
				</LoanPmtRec>
				<LoanPmtRec>
					<LoanPmtType>Interest</LoanPmtType>
					<LoanPmtAmt>
						<Amt>0.00</Amt>
					</LoanPmtAmt>
				</LoanPmtRec>
				<LoanPmtRec>
					<LoanPmtType>Escrow</LoanPmtType>
					<LoanPmtAmt>
						<Amt>0.00</Amt>
					</LoanPmtAmt>
				</LoanPmtRec>
				<LoanPmtRec>
					<LoanPmtType>Fee</LoanPmtType>
					<LoanPmtAmt>
						<Amt>0.00</Amt>
					</LoanPmtAmt>
				</LoanPmtRec>
				<LoanPmtRec>
					<LoanPmtType>FeeAmt1</LoanPmtType>
					<LoanPmtAmt>
						<Amt>0.00</Amt>
					</LoanPmtAmt>
				</LoanPmtRec>
				<LoanPmtRec>
					<LoanPmtType>FeeAmt2</LoanPmtType>
					<LoanPmtAmt>
						<Amt>0.00</Amt>
					</LoanPmtAmt>
				</LoanPmtRec>
				<LoanPmtRec>
					<LoanPmtType>CreditLifeIns</LoanPmtType>
					<LoanPmtAmt>
						<Amt>0.00</Amt>
					</LoanPmtAmt>
				</LoanPmtRec>
				<LoanPmtRec>
					<LoanPmtType>AHIns</LoanPmtType>
					<LoanPmtAmt>
						<Amt>0.00</Amt>
					</LoanPmtAmt>
				</LoanPmtRec>
				<LoanPmtRec>
					<LoanPmtType>OtherIns</LoanPmtType>
					<LoanPmtAmt>
						<Amt>0.00</Amt>
					</LoanPmtAmt>
				</LoanPmtRec>
				<LoanPmtRec>
					<LoanPmtType>FeeWaived</LoanPmtType>
					<LoanPmtAmt>
						<Amt>0.00</Amt>
					</LoanPmtAmt>
				</LoanPmtRec>
				<LoanPmtRec>
					<LoanPmtType>FeeAssessed</LoanPmtType>
					<LoanPmtAmt>
						<Amt>0.00</Amt>
					</LoanPmtAmt>
				</LoanPmtRec>
				<LoanPmtRec>
					<LoanPmtType>FeePaid</LoanPmtType>
					<LoanPmtAmt>
						<Amt>0.00</Amt>
					</LoanPmtAmt>
				</LoanPmtRec>
				<DueDt>
					<Year>2009</Year>
					<Month>1</Month>
					<Day>21</Day>
				</DueDt>
				<IntPaidToDt>
					<Year>0000</Year>
					<Month>0</Month>
					<Day>0</Day>
				</IntPaidToDt>
			</LoanAcctTrnRec>
			<LoanAcctTrnRec>
				<BankAcctTrnRec>
					<TrnType>Credit</TrnType>
					<PostedDt>
						<Year>2008</Year>
						<Month>12</Month>
						<Day>30</Day>
					</PostedDt>
					<OrigDt>
						<Year>2008</Year>
						<Month>12</Month>
						<Day>30</Day>
					</OrigDt>
					<CurAmt>
						<Amt>0.01</Amt>
					</CurAmt>
					<TranDesc1>LATE FEE ASSESS</TranDesc1>
					<CSPRefId>000006612302008</CSPRefId>
					<TrnCode>08500</TrnCode>
					<ProcessSupplementalAdjustmentsFlag>0</ProcessSupplementalAdjustmentsFlag>
					<ExtensionRenewalType>Regular</ExtensionRenewalType>
				</BankAcctTrnRec>
				<AcctBal>
					<BalType>Principal</BalType>
					<CurAmt>
						<Amt>69.29</Amt>
					</CurAmt>
				</AcctBal>
				<LoanPmtRec>
					<LoanPmtType>Principal</LoanPmtType>
					<LoanPmtAmt>
						<Amt>0.00</Amt>
					</LoanPmtAmt>
				</LoanPmtRec>
				<LoanPmtRec>
					<LoanPmtType>LateFee</LoanPmtType>
					<LoanPmtAmt>
						<Amt>0.01</Amt>
					</LoanPmtAmt>
				</LoanPmtRec>
				<LoanPmtRec>
					<LoanPmtType>Interest</LoanPmtType>
					<LoanPmtAmt>
						<Amt>0.00</Amt>
					</LoanPmtAmt>
				</LoanPmtRec>
				<LoanPmtRec>
					<LoanPmtType>Escrow</LoanPmtType>
					<LoanPmtAmt>
						<Amt>0.00</Amt>
					</LoanPmtAmt>
				</LoanPmtRec>
				<LoanPmtRec>
					<LoanPmtType>Fee</LoanPmtType>
					<LoanPmtAmt>
						<Amt>0.00</Amt>
					</LoanPmtAmt>
				</LoanPmtRec>
				<LoanPmtRec>
					<LoanPmtType>FeeAmt1</LoanPmtType>
					<LoanPmtAmt>
						<Amt>0.00</Amt>
					</LoanPmtAmt>
				</LoanPmtRec>
				<LoanPmtRec>
					<LoanPmtType>FeeAmt2</LoanPmtType>
					<LoanPmtAmt>
						<Amt>0.00</Amt>
					</LoanPmtAmt>
				</LoanPmtRec>
				<LoanPmtRec>
					<LoanPmtType>CreditLifeIns</LoanPmtType>
					<LoanPmtAmt>
						<Amt>0.00</Amt>
					</LoanPmtAmt>
				</LoanPmtRec>
				<LoanPmtRec>
					<LoanPmtType>AHIns</LoanPmtType>
					<LoanPmtAmt>
						<Amt>0.00</Amt>
					</LoanPmtAmt>
				</LoanPmtRec>
				<LoanPmtRec>
					<LoanPmtType>OtherIns</LoanPmtType>
					<LoanPmtAmt>
						<Amt>0.00</Amt>
					</LoanPmtAmt>
				</LoanPmtRec>
				<LoanPmtRec>
					<LoanPmtType>FeeWaived</LoanPmtType>
					<LoanPmtAmt>
						<Amt>0.00</Amt>
					</LoanPmtAmt>
				</LoanPmtRec>
				<LoanPmtRec>
					<LoanPmtType>FeeAssessed</LoanPmtType>
					<LoanPmtAmt>
						<Amt>0.00</Amt>
					</LoanPmtAmt>
				</LoanPmtRec>
				<LoanPmtRec>
					<LoanPmtType>FeePaid</LoanPmtType>
					<LoanPmtAmt>
						<Amt>0.00</Amt>
					</LoanPmtAmt>
				</LoanPmtRec>
				<DueDt>
					<Year>2008</Year>
					<Month>12</Month>
					<Day>20</Day>
				</DueDt>
				<IntPaidToDt>
					<Year>0000</Year>
					<Month>0</Month>
					<Day>0</Day>
				</IntPaidToDt>
			</LoanAcctTrnRec>
			<LoanAcctTrnRec>
				<BankAcctTrnRec>
					<TrnType>Credit</TrnType>
					<PostedDt>
						<Year>2008</Year>
						<Month>12</Month>
						<Day>1</Day>
					</PostedDt>
					<OrigDt>
						<Year>2008</Year>
						<Month>12</Month>
						<Day>1</Day>
					</OrigDt>
					<CurAmt>
						<Amt>0.03</Amt>
					</CurAmt>
					<TranDesc1>LATE FEE ASSESS</TranDesc1>
					<CSPRefId>000006512012008</CSPRefId>
					<TrnCode>08500</TrnCode>
					<ProcessSupplementalAdjustmentsFlag>0</ProcessSupplementalAdjustmentsFlag>
					<ExtensionRenewalType>Regular</ExtensionRenewalType>
				</BankAcctTrnRec>
				<AcctBal>
					<BalType>Principal</BalType>
					<CurAmt>
						<Amt>69.29</Amt>
					</CurAmt>
				</AcctBal>
				<LoanPmtRec>
					<LoanPmtType>Principal</LoanPmtType>
					<LoanPmtAmt>
						<Amt>0.00</Amt>
					</LoanPmtAmt>
				</LoanPmtRec>
				<LoanPmtRec>
					<LoanPmtType>LateFee</LoanPmtType>
					<LoanPmtAmt>
						<Amt>0.03</Amt>
					</LoanPmtAmt>
				</LoanPmtRec>
				<LoanPmtRec>
					<LoanPmtType>Interest</LoanPmtType>
					<LoanPmtAmt>
						<Amt>0.00</Amt>
					</LoanPmtAmt>
				</LoanPmtRec>
				<LoanPmtRec>
					<LoanPmtType>Escrow</LoanPmtType>
					<LoanPmtAmt>
						<Amt>0.00</Amt>
					</LoanPmtAmt>
				</LoanPmtRec>
				<LoanPmtRec>
					<LoanPmtType>Fee</LoanPmtType>
					<LoanPmtAmt>
						<Amt>0.00</Amt>
					</LoanPmtAmt>
				</LoanPmtRec>
				<LoanPmtRec>
					<LoanPmtType>FeeAmt1</LoanPmtType>
					<LoanPmtAmt>
						<Amt>0.00</Amt>
					</LoanPmtAmt>
				</LoanPmtRec>
				<LoanPmtRec>
					<LoanPmtType>FeeAmt2</LoanPmtType>
					<LoanPmtAmt>
						<Amt>0.00</Amt>
					</LoanPmtAmt>
				</LoanPmtRec>
				<LoanPmtRec>
					<LoanPmtType>CreditLifeIns</LoanPmtType>
					<LoanPmtAmt>
						<Amt>0.00</Amt>
					</LoanPmtAmt>
				</LoanPmtRec>
				<LoanPmtRec>
					<LoanPmtType>AHIns</LoanPmtType>
					<LoanPmtAmt>
						<Amt>0.00</Amt>
					</LoanPmtAmt>
				</LoanPmtRec>
				<LoanPmtRec>
					<LoanPmtType>OtherIns</LoanPmtType>
					<LoanPmtAmt>
						<Amt>0.00</Amt>
					</LoanPmtAmt>
				</LoanPmtRec>
				<LoanPmtRec>
					<LoanPmtType>FeeWaived</LoanPmtType>
					<LoanPmtAmt>
						<Amt>0.00</Amt>
					</LoanPmtAmt>
				</LoanPmtRec>
				<LoanPmtRec>
					<LoanPmtType>FeeAssessed</LoanPmtType>
					<LoanPmtAmt>
						<Amt>0.00</Amt>
					</LoanPmtAmt>
				</LoanPmtRec>
				<LoanPmtRec>
					<LoanPmtType>FeePaid</LoanPmtType>
					<LoanPmtAmt>
						<Amt>0.00</Amt>
					</LoanPmtAmt>
				</LoanPmtRec>
				<DueDt>
					<Year>2008</Year>
					<Month>11</Month>
					<Day>21</Day>
				</DueDt>
				<IntPaidToDt>
					<Year>0000</Year>
					<Month>0</Month>
					<Day>0</Day>
				</IntPaidToDt>
			</LoanAcctTrnRec>
			<LoanAcctTrnRec>
				<BankAcctTrnRec>
					<TrnType>Credit</TrnType>
					<PostedDt>
						<Year>2008</Year>
						<Month>9</Month>
						<Day>26</Day>
					</PostedDt>
					<OrigDt>
						<Year>2008</Year>
						<Month>9</Month>
						<Day>26</Day>
					</OrigDt>
					<CurAmt>
						<Amt>0.03</Amt>
					</CurAmt>
					<TranDesc1>LATE FEE ASSESS</TranDesc1>
					<CSPRefId>000006409262008</CSPRefId>
					<TrnCode>08500</TrnCode>
					<ProcessSupplementalAdjustmentsFlag>0</ProcessSupplementalAdjustmentsFlag>
					<ExtensionRenewalType>Regular</ExtensionRenewalType>
				</BankAcctTrnRec>
				<AcctBal>
					<BalType>Principal</BalType>
					<CurAmt>
						<Amt>69.29</Amt>
					</CurAmt>
				</AcctBal>
				<LoanPmtRec>
					<LoanPmtType>Principal</LoanPmtType>
					<LoanPmtAmt>
						<Amt>0.00</Amt>
					</LoanPmtAmt>
				</LoanPmtRec>
				<LoanPmtRec>
					<LoanPmtType>LateFee</LoanPmtType>
					<LoanPmtAmt>
						<Amt>0.03</Amt>
					</LoanPmtAmt>
				</LoanPmtRec>
				<LoanPmtRec>
					<LoanPmtType>Interest</LoanPmtType>
					<LoanPmtAmt>
						<Amt>0.00</Amt>
					</LoanPmtAmt>
				</LoanPmtRec>
				<LoanPmtRec>
					<LoanPmtType>Escrow</LoanPmtType>
					<LoanPmtAmt>
						<Amt>0.00</Amt>
					</LoanPmtAmt>
				</LoanPmtRec>
				<LoanPmtRec>
					<LoanPmtType>Fee</LoanPmtType>
					<LoanPmtAmt>
						<Amt>0.00</Amt>
					</LoanPmtAmt>
				</LoanPmtRec>
				<LoanPmtRec>
					<LoanPmtType>FeeAmt1</LoanPmtType>
					<LoanPmtAmt>
						<Amt>0.00</Amt>
					</LoanPmtAmt>
				</LoanPmtRec>
				<LoanPmtRec>
					<LoanPmtType>FeeAmt2</LoanPmtType>
					<LoanPmtAmt>
						<Amt>0.00</Amt>
					</LoanPmtAmt>
				</LoanPmtRec>
				<LoanPmtRec>
					<LoanPmtType>CreditLifeIns</LoanPmtType>
					<LoanPmtAmt>
						<Amt>0.00</Amt>
					</LoanPmtAmt>
				</LoanPmtRec>
				<LoanPmtRec>
					<LoanPmtType>AHIns</LoanPmtType>
					<LoanPmtAmt>
						<Amt>0.00</Amt>
					</LoanPmtAmt>
				</LoanPmtRec>
				<LoanPmtRec>
					<LoanPmtType>OtherIns</LoanPmtType>
					<LoanPmtAmt>
						<Amt>0.00</Amt>
					</LoanPmtAmt>
				</LoanPmtRec>
				<LoanPmtRec>
					<LoanPmtType>FeeWaived</LoanPmtType>
					<LoanPmtAmt>
						<Amt>0.00</Amt>
					</LoanPmtAmt>
				</LoanPmtRec>
				<LoanPmtRec>
					<LoanPmtType>FeeAssessed</LoanPmtType>
					<LoanPmtAmt>
						<Amt>0.00</Amt>
					</LoanPmtAmt>
				</LoanPmtRec>
				<LoanPmtRec>
					<LoanPmtType>FeePaid</LoanPmtType>
					<LoanPmtAmt>
						<Amt>0.00</Amt>
					</LoanPmtAmt>
				</LoanPmtRec>
				<DueDt>
					<Year>2008</Year>
					<Month>9</Month>
					<Day>18</Day>
				</DueDt>
				<IntPaidToDt>
					<Year>0000</Year>
					<Month>0</Month>
					<Day>0</Day>
				</IntPaidToDt>
			</LoanAcctTrnRec>
			<LoanAcctTrnRec>
				<BankAcctTrnRec>
					<TrnType>Credit</TrnType>
					<PostedDt>
						<Year>2008</Year>
						<Month>7</Month>
						<Day>25</Day>
					</PostedDt>
					<OrigDt>
						<Year>2008</Year>
						<Month>7</Month>
						<Day>25</Day>
					</OrigDt>
					<CurAmt>
						<Amt>0.01</Amt>
					</CurAmt>
					<TranDesc1>LATE FEE ASSESS</TranDesc1>
					<CSPRefId>000006307252008</CSPRefId>
					<TrnCode>08500</TrnCode>
					<ProcessSupplementalAdjustmentsFlag>0</ProcessSupplementalAdjustmentsFlag>
					<ExtensionRenewalType>Regular</ExtensionRenewalType>
				</BankAcctTrnRec>
				<AcctBal>
					<BalType>Principal</BalType>
					<CurAmt>
						<Amt>69.29</Amt>
					</CurAmt>
				</AcctBal>
				<LoanPmtRec>
					<LoanPmtType>Principal</LoanPmtType>
					<LoanPmtAmt>
						<Amt>0.00</Amt>
					</LoanPmtAmt>
				</LoanPmtRec>
				<LoanPmtRec>
					<LoanPmtType>LateFee</LoanPmtType>
					<LoanPmtAmt>
						<Amt>0.01</Amt>
					</LoanPmtAmt>
				</LoanPmtRec>
				<LoanPmtRec>
					<LoanPmtType>Interest</LoanPmtType>
					<LoanPmtAmt>
						<Amt>0.00</Amt>
					</LoanPmtAmt>
				</LoanPmtRec>
				<LoanPmtRec>
					<LoanPmtType>Escrow</LoanPmtType>
					<LoanPmtAmt>
						<Amt>0.00</Amt>
					</LoanPmtAmt>
				</LoanPmtRec>
				<LoanPmtRec>
					<LoanPmtType>Fee</LoanPmtType>
					<LoanPmtAmt>
						<Amt>0.00</Amt>
					</LoanPmtAmt>
				</LoanPmtRec>
				<LoanPmtRec>
					<LoanPmtType>FeeAmt1</LoanPmtType>
					<LoanPmtAmt>
						<Amt>0.00</Amt>
					</LoanPmtAmt>
				</LoanPmtRec>
				<LoanPmtRec>
					<LoanPmtType>FeeAmt2</LoanPmtType>
					<LoanPmtAmt>
						<Amt>0.00</Amt>
					</LoanPmtAmt>
				</LoanPmtRec>
				<LoanPmtRec>
					<LoanPmtType>CreditLifeIns</LoanPmtType>
					<LoanPmtAmt>
						<Amt>0.00</Amt>
					</LoanPmtAmt>
				</LoanPmtRec>
				<LoanPmtRec>
					<LoanPmtType>AHIns</LoanPmtType>
					<LoanPmtAmt>
						<Amt>0.00</Amt>
					</LoanPmtAmt>
				</LoanPmtRec>
				<LoanPmtRec>
					<LoanPmtType>OtherIns</LoanPmtType>
					<LoanPmtAmt>
						<Amt>0.00</Amt>
					</LoanPmtAmt>
				</LoanPmtRec>
				<LoanPmtRec>
					<LoanPmtType>FeeWaived</LoanPmtType>
					<LoanPmtAmt>
						<Amt>0.00</Amt>
					</LoanPmtAmt>
				</LoanPmtRec>
				<LoanPmtRec>
					<LoanPmtType>FeeAssessed</LoanPmtType>
					<LoanPmtAmt>
						<Amt>0.00</Amt>
					</LoanPmtAmt>
				</LoanPmtRec>
				<LoanPmtRec>
					<LoanPmtType>FeePaid</LoanPmtType>
					<LoanPmtAmt>
						<Amt>0.00</Amt>
					</LoanPmtAmt>
				</LoanPmtRec>
				<DueDt>
					<Year>0000</Year>
					<Month>0</Month>
					<Day>0</Day>
				</DueDt>
				<IntPaidToDt>
					<Year>0000</Year>
					<Month>0</Month>
					<Day>0</Day>
				</IntPaidToDt>
			</LoanAcctTrnRec>
			<LoanAcctTrnRec>
				<BankAcctTrnRec>
					<TrnType>Credit</TrnType>
					<PostedDt>
						<Year>2008</Year>
						<Month>6</Month>
						<Day>27</Day>
					</PostedDt>
					<OrigDt>
						<Year>2008</Year>
						<Month>6</Month>
						<Day>27</Day>
					</OrigDt>
					<CurAmt>
						<Amt>0.01</Amt>
					</CurAmt>
					<TranDesc1>LATE FEE ASSESS</TranDesc1>
					<CSPRefId>000006206272008</CSPRefId>
					<TrnCode>08500</TrnCode>
					<ProcessSupplementalAdjustmentsFlag>0</ProcessSupplementalAdjustmentsFlag>
					<ExtensionRenewalType>Regular</ExtensionRenewalType>
				</BankAcctTrnRec>
				<AcctBal>
					<BalType>Principal</BalType>
					<CurAmt>
						<Amt>69.29</Amt>
					</CurAmt>
				</AcctBal>
				<LoanPmtRec>
					<LoanPmtType>Principal</LoanPmtType>
					<LoanPmtAmt>
						<Amt>0.00</Amt>
					</LoanPmtAmt>
				</LoanPmtRec>
				<LoanPmtRec>
					<LoanPmtType>LateFee</LoanPmtType>
					<LoanPmtAmt>
						<Amt>0.01</Amt>
					</LoanPmtAmt>
				</LoanPmtRec>
				<LoanPmtRec>
					<LoanPmtType>Interest</LoanPmtType>
					<LoanPmtAmt>
						<Amt>0.00</Amt>
					</LoanPmtAmt>
				</LoanPmtRec>
				<LoanPmtRec>
					<LoanPmtType>Escrow</LoanPmtType>
					<LoanPmtAmt>
						<Amt>0.00</Amt>
					</LoanPmtAmt>
				</LoanPmtRec>
				<LoanPmtRec>
					<LoanPmtType>Fee</LoanPmtType>
					<LoanPmtAmt>
						<Amt>0.00</Amt>
					</LoanPmtAmt>
				</LoanPmtRec>
				<LoanPmtRec>
					<LoanPmtType>FeeAmt1</LoanPmtType>
					<LoanPmtAmt>
						<Amt>0.00</Amt>
					</LoanPmtAmt>
				</LoanPmtRec>
				<LoanPmtRec>
					<LoanPmtType>FeeAmt2</LoanPmtType>
					<LoanPmtAmt>
						<Amt>0.00</Amt>
					</LoanPmtAmt>
				</LoanPmtRec>
				<LoanPmtRec>
					<LoanPmtType>CreditLifeIns</LoanPmtType>
					<LoanPmtAmt>
						<Amt>0.00</Amt>
					</LoanPmtAmt>
				</LoanPmtRec>
				<LoanPmtRec>
					<LoanPmtType>AHIns</LoanPmtType>
					<LoanPmtAmt>
						<Amt>0.00</Amt>
					</LoanPmtAmt>
				</LoanPmtRec>
				<LoanPmtRec>
					<LoanPmtType>OtherIns</LoanPmtType>
					<LoanPmtAmt>
						<Amt>0.00</Amt>
					</LoanPmtAmt>
				</LoanPmtRec>
				<LoanPmtRec>
					<LoanPmtType>FeeWaived</LoanPmtType>
					<LoanPmtAmt>
						<Amt>0.00</Amt>
					</LoanPmtAmt>
				</LoanPmtRec>
				<LoanPmtRec>
					<LoanPmtType>FeeAssessed</LoanPmtType>
					<LoanPmtAmt>
						<Amt>0.00</Amt>
					</LoanPmtAmt>
				</LoanPmtRec>
				<LoanPmtRec>
					<LoanPmtType>FeePaid</LoanPmtType>
					<LoanPmtAmt>
						<Amt>0.00</Amt>
					</LoanPmtAmt>
				</LoanPmtRec>
				<DueDt>
					<Year>0000</Year>
					<Month>0</Month>
					<Day>0</Day>
				</DueDt>
				<IntPaidToDt>
					<Year>0000</Year>
					<Month>0</Month>
					<Day>0</Day>
				</IntPaidToDt>
			</LoanAcctTrnRec>
			<LoanAcctTrnRec>
				<BankAcctTrnRec>
					<TrnType>Credit</TrnType>
					<PostedDt>
						<Year>2008</Year>
						<Month>6</Month>
						<Day>2</Day>
					</PostedDt>
					<OrigDt>
						<Year>2008</Year>
						<Month>6</Month>
						<Day>2</Day>
					</OrigDt>
					<CurAmt>
						<Amt>0.01</Amt>
					</CurAmt>
					<TranDesc1>LATE FEE ASSESS</TranDesc1>
					<CSPRefId>000006106022008</CSPRefId>
					<TrnCode>08500</TrnCode>
					<ProcessSupplementalAdjustmentsFlag>0</ProcessSupplementalAdjustmentsFlag>
					<ExtensionRenewalType>Regular</ExtensionRenewalType>
				</BankAcctTrnRec>
				<AcctBal>
					<BalType>Principal</BalType>
					<CurAmt>
						<Amt>69.29</Amt>
					</CurAmt>
				</AcctBal>
				<LoanPmtRec>
					<LoanPmtType>Principal</LoanPmtType>
					<LoanPmtAmt>
						<Amt>0.00</Amt>
					</LoanPmtAmt>
				</LoanPmtRec>
				<LoanPmtRec>
					<LoanPmtType>LateFee</LoanPmtType>
					<LoanPmtAmt>
						<Amt>0.01</Amt>
					</LoanPmtAmt>
				</LoanPmtRec>
				<LoanPmtRec>
					<LoanPmtType>Interest</LoanPmtType>
					<LoanPmtAmt>
						<Amt>0.00</Amt>
					</LoanPmtAmt>
				</LoanPmtRec>
				<LoanPmtRec>
					<LoanPmtType>Escrow</LoanPmtType>
					<LoanPmtAmt>
						<Amt>0.00</Amt>
					</LoanPmtAmt>
				</LoanPmtRec>
				<LoanPmtRec>
					<LoanPmtType>Fee</LoanPmtType>
					<LoanPmtAmt>
						<Amt>0.00</Amt>
					</LoanPmtAmt>
				</LoanPmtRec>
				<LoanPmtRec>
					<LoanPmtType>FeeAmt1</LoanPmtType>
					<LoanPmtAmt>
						<Amt>0.00</Amt>
					</LoanPmtAmt>
				</LoanPmtRec>
				<LoanPmtRec>
					<LoanPmtType>FeeAmt2</LoanPmtType>
					<LoanPmtAmt>
						<Amt>0.00</Amt>
					</LoanPmtAmt>
				</LoanPmtRec>
				<LoanPmtRec>
					<LoanPmtType>CreditLifeIns</LoanPmtType>
					<LoanPmtAmt>
						<Amt>0.00</Amt>
					</LoanPmtAmt>
				</LoanPmtRec>
				<LoanPmtRec>
					<LoanPmtType>AHIns</LoanPmtType>
					<LoanPmtAmt>
						<Amt>0.00</Amt>
					</LoanPmtAmt>
				</LoanPmtRec>
				<LoanPmtRec>
					<LoanPmtType>OtherIns</LoanPmtType>
					<LoanPmtAmt>
						<Amt>0.00</Amt>
					</LoanPmtAmt>
				</LoanPmtRec>
				<LoanPmtRec>
					<LoanPmtType>FeeWaived</LoanPmtType>
					<LoanPmtAmt>
						<Amt>0.00</Amt>
					</LoanPmtAmt>
				</LoanPmtRec>
				<LoanPmtRec>
					<LoanPmtType>FeeAssessed</LoanPmtType>
					<LoanPmtAmt>
						<Amt>0.00</Amt>
					</LoanPmtAmt>
				</LoanPmtRec>
				<LoanPmtRec>
					<LoanPmtType>FeePaid</LoanPmtType>
					<LoanPmtAmt>
						<Amt>0.00</Amt>
					</LoanPmtAmt>
				</LoanPmtRec>
				<DueDt>
					<Year>0000</Year>
					<Month>0</Month>
					<Day>0</Day>
				</DueDt>
				<IntPaidToDt>
					<Year>0000</Year>
					<Month>0</Month>
					<Day>0</Day>
				</IntPaidToDt>
			</LoanAcctTrnRec>
			<LoanAcctTrnRec>
				<BankAcctTrnRec>
					<TrnType>Credit</TrnType>
					<PostedDt>
						<Year>2008</Year>
						<Month>5</Month>
						<Day>5</Day>
					</PostedDt>
					<OrigDt>
						<Year>2008</Year>
						<Month>5</Month>
						<Day>5</Day>
					</OrigDt>
					<CurAmt>
						<Amt>0.01</Amt>
					</CurAmt>
					<TranDesc1>LATE FEE ASSESS</TranDesc1>
					<CSPRefId>000006005052008</CSPRefId>
					<TrnCode>08500</TrnCode>
					<ProcessSupplementalAdjustmentsFlag>0</ProcessSupplementalAdjustmentsFlag>
					<ExtensionRenewalType>Regular</ExtensionRenewalType>
				</BankAcctTrnRec>
				<AcctBal>
					<BalType>Principal</BalType>
					<CurAmt>
						<Amt>69.29</Amt>
					</CurAmt>
				</AcctBal>
				<LoanPmtRec>
					<LoanPmtType>Principal</LoanPmtType>
					<LoanPmtAmt>
						<Amt>0.00</Amt>
					</LoanPmtAmt>
				</LoanPmtRec>
				<LoanPmtRec>
					<LoanPmtType>LateFee</LoanPmtType>
					<LoanPmtAmt>
						<Amt>0.01</Amt>
					</LoanPmtAmt>
				</LoanPmtRec>
				<LoanPmtRec>
					<LoanPmtType>Interest</LoanPmtType>
					<LoanPmtAmt>
						<Amt>0.00</Amt>
					</LoanPmtAmt>
				</LoanPmtRec>
				<LoanPmtRec>
					<LoanPmtType>Escrow</LoanPmtType>
					<LoanPmtAmt>
						<Amt>0.00</Amt>
					</LoanPmtAmt>
				</LoanPmtRec>
				<LoanPmtRec>
					<LoanPmtType>Fee</LoanPmtType>
					<LoanPmtAmt>
						<Amt>0.00</Amt>
					</LoanPmtAmt>
				</LoanPmtRec>
				<LoanPmtRec>
					<LoanPmtType>FeeAmt1</LoanPmtType>
					<LoanPmtAmt>
						<Amt>0.00</Amt>
					</LoanPmtAmt>
				</LoanPmtRec>
				<LoanPmtRec>
					<LoanPmtType>FeeAmt2</LoanPmtType>
					<LoanPmtAmt>
						<Amt>0.00</Amt>
					</LoanPmtAmt>
				</LoanPmtRec>
				<LoanPmtRec>
					<LoanPmtType>CreditLifeIns</LoanPmtType>
					<LoanPmtAmt>
						<Amt>0.00</Amt>
					</LoanPmtAmt>
				</LoanPmtRec>
				<LoanPmtRec>
					<LoanPmtType>AHIns</LoanPmtType>
					<LoanPmtAmt>
						<Amt>0.00</Amt>
					</LoanPmtAmt>
				</LoanPmtRec>
				<LoanPmtRec>
					<LoanPmtType>OtherIns</LoanPmtType>
					<LoanPmtAmt>
						<Amt>0.00</Amt>
					</LoanPmtAmt>
				</LoanPmtRec>
				<LoanPmtRec>
					<LoanPmtType>FeeWaived</LoanPmtType>
					<LoanPmtAmt>
						<Amt>0.00</Amt>
					</LoanPmtAmt>
				</LoanPmtRec>
				<LoanPmtRec>
					<LoanPmtType>FeeAssessed</LoanPmtType>
					<LoanPmtAmt>
						<Amt>0.00</Amt>
					</LoanPmtAmt>
				</LoanPmtRec>
				<LoanPmtRec>
					<LoanPmtType>FeePaid</LoanPmtType>
					<LoanPmtAmt>
						<Amt>0.00</Amt>
					</LoanPmtAmt>
				</LoanPmtRec>
				<DueDt>
					<Year>0000</Year>
					<Month>0</Month>
					<Day>0</Day>
				</DueDt>
				<IntPaidToDt>
					<Year>0000</Year>
					<Month>0</Month>
					<Day>0</Day>
				</IntPaidToDt>
			</LoanAcctTrnRec>
			<LoanAcctTrnRec>
				<BankAcctTrnRec>
					<TrnType>Credit</TrnType>
					<PostedDt>
						<Year>2008</Year>
						<Month>4</Month>
						<Day>4</Day>
					</PostedDt>
					<OrigDt>
						<Year>2008</Year>
						<Month>4</Month>
						<Day>4</Day>
					</OrigDt>
					<CurAmt>
						<Amt>0.01</Amt>
					</CurAmt>
					<TranDesc1>LATE FEE ASSESS</TranDesc1>
					<CSPRefId>000005904042008</CSPRefId>
					<TrnCode>08500</TrnCode>
					<ProcessSupplementalAdjustmentsFlag>0</ProcessSupplementalAdjustmentsFlag>
					<ExtensionRenewalType>Regular</ExtensionRenewalType>
				</BankAcctTrnRec>
				<AcctBal>
					<BalType>Principal</BalType>
					<CurAmt>
						<Amt>69.29</Amt>
					</CurAmt>
				</AcctBal>
				<LoanPmtRec>
					<LoanPmtType>Principal</LoanPmtType>
					<LoanPmtAmt>
						<Amt>0.00</Amt>
					</LoanPmtAmt>
				</LoanPmtRec>
				<LoanPmtRec>
					<LoanPmtType>LateFee</LoanPmtType>
					<LoanPmtAmt>
						<Amt>0.01</Amt>
					</LoanPmtAmt>
				</LoanPmtRec>
				<LoanPmtRec>
					<LoanPmtType>Interest</LoanPmtType>
					<LoanPmtAmt>
						<Amt>0.00</Amt>
					</LoanPmtAmt>
				</LoanPmtRec>
				<LoanPmtRec>
					<LoanPmtType>Escrow</LoanPmtType>
					<LoanPmtAmt>
						<Amt>0.00</Amt>
					</LoanPmtAmt>
				</LoanPmtRec>
				<LoanPmtRec>
					<LoanPmtType>Fee</LoanPmtType>
					<LoanPmtAmt>
						<Amt>0.00</Amt>
					</LoanPmtAmt>
				</LoanPmtRec>
				<LoanPmtRec>
					<LoanPmtType>FeeAmt1</LoanPmtType>
					<LoanPmtAmt>
						<Amt>0.00</Amt>
					</LoanPmtAmt>
				</LoanPmtRec>
				<LoanPmtRec>
					<LoanPmtType>FeeAmt2</LoanPmtType>
					<LoanPmtAmt>
						<Amt>0.00</Amt>
					</LoanPmtAmt>
				</LoanPmtRec>
				<LoanPmtRec>
					<LoanPmtType>CreditLifeIns</LoanPmtType>
					<LoanPmtAmt>
						<Amt>0.00</Amt>
					</LoanPmtAmt>
				</LoanPmtRec>
				<LoanPmtRec>
					<LoanPmtType>AHIns</LoanPmtType>
					<LoanPmtAmt>
						<Amt>0.00</Amt>
					</LoanPmtAmt>
				</LoanPmtRec>
				<LoanPmtRec>
					<LoanPmtType>OtherIns</LoanPmtType>
					<LoanPmtAmt>
						<Amt>0.00</Amt>
					</LoanPmtAmt>
				</LoanPmtRec>
				<LoanPmtRec>
					<LoanPmtType>FeeWaived</LoanPmtType>
					<LoanPmtAmt>
						<Amt>0.00</Amt>
					</LoanPmtAmt>
				</LoanPmtRec>
				<LoanPmtRec>
					<LoanPmtType>FeeAssessed</LoanPmtType>
					<LoanPmtAmt>
						<Amt>0.00</Amt>
					</LoanPmtAmt>
				</LoanPmtRec>
				<LoanPmtRec>
					<LoanPmtType>FeePaid</LoanPmtType>
					<LoanPmtAmt>
						<Amt>0.00</Amt>
					</LoanPmtAmt>
				</LoanPmtRec>
				<DueDt>
					<Year>0000</Year>
					<Month>0</Month>
					<Day>0</Day>
				</DueDt>
				<IntPaidToDt>
					<Year>0000</Year>
					<Month>0</Month>
					<Day>0</Day>
				</IntPaidToDt>
			</LoanAcctTrnRec>
		</LoanAcctTrnInqRs>
	</CashManSvcRs>
</IFX>







<IFX xmlns:xsd="http://www.w3.org/2001/XMLSchema" xmlns:xsi="http://www.w3.org/2001/XMLSchema-instance" xmlns="http://www.fiserv.com/cbs">
	<GeneralStatus>
		<StatusCode>0</StatusCode>
		<StatusLevel>IFX</StatusLevel>
		<StatusDesc>The request was processed successfully.</StatusDesc>
	</GeneralStatus>
	<Status>
		<StatusCode>0</StatusCode>
		<Severity>Info</Severity>
		<StatusDesc>The request was processed successfully.</StatusDesc>
		<SupportUID>E12E6F29-6059-4172-8832-9689ECD15C79</SupportUID>
	</Status>
	<SignonRs>
		<Status>
			<StatusCode>0</StatusCode>
			<Severity>Info</Severity>
			<StatusDesc>The request was processed successfully.</StatusDesc>
			<SupportUID>A4BE0CB1-8D6D-4A99-AB0D-2B416F82B0FE</SupportUID>
		</Status>
		<SignonRole>CSR</SignonRole>
		<CustId>
			<SPName>FiservCBS</SPName>
			<CustLoginId>comr152</CustLoginId>
		</CustId>
		<GenSessKey>0</GenSessKey>
		<ClientDt>
			<Year>2009</Year>
			<Month>3</Month>
			<Day>11</Day>
			<Hour>15</Hour>
			<Minute>43</Minute>
			<Second>51</Second>
		</ClientDt>
		<CustLangPref />
		<ClientApp>
			<Org>Fiserv</Org>
			<Name>CommAdmin</Name>
			<ClientAppKey>CBSILOUBHLLZSUPFBTEMBUHQJOIVKDBR</ClientAppKey>
		</ClientApp>
		<ServerDt>
			<Year>2009</Year>
			<Month>3</Month>
			<Day>11</Day>
			<Hour>14</Hour>
			<Minute>31</Minute>
			<Second>36</Second>
			<Fraction>15000</Fraction>
			<UTCOffset>-300</UTCOffset>
		</ServerDt>
		<Language>en-US</Language>
		<PersonName>
			<LastName>user</LastName>
			<FirstName>fiserv</FirstName>
		</PersonName>
	</SignonRs>
	<EnvironmentInfo>
		<EnvironmentName>rlsbank</EnvironmentName>
	</EnvironmentInfo>
	<CashManSvcRs>
		<Status>
			<StatusCode>0</StatusCode>
			<Severity>Info</Severity>
			<StatusDesc>The request was processed successfully.</StatusDesc>
			<SupportUID>2426369D-2A7C-4701-8567-B170829F1BB4</SupportUID>
		</Status>
		<RqUID>2426369d-2a7c-4701-8567-b170829f1bb4</RqUID>
		<SPName>FiservCBS</SPName>
		<Version>8.1.0.9</Version>
		<LoanAcctTrnInqRs>
			<Status>
				<StatusCode>0</StatusCode>
				<Severity>Info</Severity>
				<StatusDesc>The request was processed successfully.</StatusDesc>
				<SupportUID>B11C940E-FE66-41B8-A13F-965658D28B7D</SupportUID>
			</Status>
			<RqUID>ddd438b7-71cb-439a-9f3a-d554b13d88f3</RqUID>
			<RecCtrlOut>
				<MatchedRec>0</MatchedRec>
				<SentRec>10</SentRec>
				<Cursor />
			</RecCtrlOut>
			<LoanAcctId>
				<AcctId>3106</AcctId>				[Account ID, Send back with response]
				<AcctType>LN</AcctType> 				[Account Type, Send back with Response]

			</LoanAcctId>
			<LoanAcctTrnRec>
				<BankAcctTrnRec>
					<TrnType>Credit</TrnType>
					<PostedDt>
						<Year>2009</Year> 					[Date][EffectiveDate]

						<Month>3</Month>
						<Day>3</Day>
					</PostedDt>
					<OrigDt>
						<Year>2009</Year>
						<Month>3</Month>
						<Day>3</Day>
					</OrigDt>
					<CurAmt>
						[Transcation Amount]
						<Amt>0.01</Amt>
					</CurAmt>
					[TransactionDesc]
					<TranDesc1>LATE FEE ASSESS</TranDesc1>
					<CSPRefId>000006803032009</CSPRefId>
					[TranCode]
					<TrnCode>08500</TrnCode>
					<ProcessSupplementalAdjustmentsFlag>0</ProcessSupplementalAdjustmentsFlag>
					<ExtensionRenewalType>Regular</ExtensionRenewalType>
				</BankAcctTrnRec>
				<AcctBal>
					[PrincipalBalance]
					<BalType>Principal</BalType>
					<CurAmt>
						<Amt>69.29</Amt>
					</CurAmt>
				</AcctBal>
				<LoanPmtRec>
					[Principal Amount]
					<LoanPmtType>Principal</LoanPmtType>
					<LoanPmtAmt>
						<Amt>0.00</Amt>
					</LoanPmtAmt>
				</LoanPmtRec>
				<LoanPmtRec>
					<LoanPmtType>LateFee</LoanPmtType>
					<LoanPmtAmt>
						<Amt>0.01</Amt>
					</LoanPmtAmt>
				</LoanPmtRec>
				<LoanPmtRec>
					[InterestAmount]
					<LoanPmtType>Interest</LoanPmtType>
					<LoanPmtAmt>
						<Amt>0.00</Amt>
					</LoanPmtAmt>
				</LoanPmtRec>
				<LoanPmtRec>
					<LoanPmtType>Escrow</LoanPmtType>
					<LoanPmtAmt>
						<Amt>0.00</Amt> 					[Escrow Amount]

					</LoanPmtAmt>
				</LoanPmtRec>
				<LoanPmtRec>
					[Charge Amount]
					<LoanPmtType>Fee</LoanPmtType>
					<LoanPmtAmt>
						<Amt>0.00</Amt>
					</LoanPmtAmt>
				</LoanPmtRec>
				<LoanPmtRec>
					<LoanPmtType>FeeAmt1</LoanPmtType>
					<LoanPmtAmt>
						<Amt>0.00</Amt>
					</LoanPmtAmt>
				</LoanPmtRec>
				<LoanPmtRec>
					<LoanPmtType>FeeAmt2</LoanPmtType>
					<LoanPmtAmt>
						<Amt>0.00</Amt>
					</LoanPmtAmt>
				</LoanPmtRec>
				<LoanPmtRec>
					<LoanPmtType>CreditLifeIns</LoanPmtType>
					<LoanPmtAmt>
						<Amt>0.00</Amt>
					</LoanPmtAmt>
				</LoanPmtRec>
				<LoanPmtRec>
					<LoanPmtType>AHIns</LoanPmtType>
					<LoanPmtAmt>
						<Amt>0.00</Amt>
					</LoanPmtAmt>
				</LoanPmtRec>
				<LoanPmtRec>
					<LoanPmtType>OtherIns</LoanPmtType>
					<LoanPmtAmt>
						<Amt>0.00</Amt>
					</LoanPmtAmt>
				</LoanPmtRec>
				<LoanPmtRec>
					<LoanPmtType>FeeWaived</LoanPmtType>
					<LoanPmtAmt>
						<Amt>0.00</Amt>
					</LoanPmtAmt>
				</LoanPmtRec>
				<LoanPmtRec>
					<LoanPmtType>FeeAssessed</LoanPmtType>
					<LoanPmtAmt>
						<Amt>0.00</Amt>
					</LoanPmtAmt>
				</LoanPmtRec>
				<LoanPmtRec>
					<LoanPmtType>FeePaid</LoanPmtType>
					<LoanPmtAmt>
						<Amt>0.00</Amt>
					</LoanPmtAmt>
				</LoanPmtRec>
				<DueDt>
					<Year>2009</Year>
					<Month>2</Month>
					<Day>21</Day>
				</DueDt>
				<IntPaidToDt>
					<Year>0000</Year>
					<Month>0</Month>
					<Day>0</Day>
				</IntPaidToDt>
			</LoanAcctTrnRec>

		</LoanAcctTrnInqRs>
	</CashManSvcRs>
</IFX>


