﻿<?xml version="1.0" ?>
<IFX xmlns:xsd="http://www.w3.org/2001/XMLSchema" xmlns:xsi="http://www.w3.org/2001/XMLSchema-instance" xmlns="http://www.fiserv.com/cbs">
	<GeneralStatus>
		<StatusCode>0</StatusCode>
		<StatusLevel>IFX</StatusLevel>
		<StatusDesc>The request was processed successfully.</StatusDesc>
	</GeneralStatus>
	<Status>
		<StatusCode>0</StatusCode>
		<Severity>Info</Severity>
		<StatusDesc>The request was processed successfully.</StatusDesc>
		<SupportUID>673B540C-890B-4FF3-B8B4-A1FC2E89B685</SupportUID>
	</Status>
	<SignonRs>
		<Status>
			<StatusCode>0</StatusCode>
			<Severity>Info</Severity>
			<StatusDesc>The request was processed successfully.</StatusDesc>
			<SupportUID>F2C2999F-BCA0-4AE8-8181-0D0B2822A91C</SupportUID>
		</Status>
		<SignonRole>CSR</SignonRole>
		<CustId>
			<SPName>FiservCBS</SPName>
			<CustLoginId>comr152</CustLoginId>
		</CustId>
		<GenSessKey>0</GenSessKey>
		<ClientDt>
			<Year>2009</Year>
			<Month>3</Month>
			<Day>11</Day>
			<Hour>15</Hour>
			<Minute>11</Minute>
			<Second>57</Second>
		</ClientDt>
		<CustLangPref />
		<ClientApp>
			<Org>Fiserv</Org>
			<Name>CommAdmin</Name>
			<ClientAppKey>CBSILOUBHLLZSUPFBTEMBUHQJOIVKDBR</ClientAppKey>
		</ClientApp>
		<ServerDt>
			<Year>2009</Year>
			<Month>3</Month>
			<Day>11</Day>
			<Hour>13</Hour>
			<Minute>59</Minute>
			<Second>35</Second>
			<Fraction>875000</Fraction>
			<UTCOffset>-300</UTCOffset>
		</ServerDt>
		<Language>en-US</Language>
		<PersonName>
			<LastName>user</LastName>
			<FirstName>fiserv</FirstName>
		</PersonName>
	</SignonRs>
	<EnvironmentInfo>
		<EnvironmentName>rlsbank</EnvironmentName>
	</EnvironmentInfo>
	<CashManSvcRs>
		<Status>
			<StatusCode>0</StatusCode>
			<Severity>Info</Severity>
			<StatusDesc>The request was processed successfully.</StatusDesc>
			<SupportUID>50EAC871-884C-4577-A304-EA3550E4602B</SupportUID>
		</Status>
		<RqUID>50eac871-884c-4577-a304-ea3550e4602b</RqUID>
		<SPName>FiservCBS</SPName>
		<Version>8.1.0.9</Version>
		<AcctInqRs>
			<Status>
				<StatusCode>0</StatusCode>
				<Severity>Info</Severity>
				<StatusDesc>The request was processed successfully.</StatusDesc>
				<SupportUID>5E1AF960-9362-4259-9DC8-2CB8D2B21ACD</SupportUID>
			</Status>
			<RqUID>d4201a71-c064-4931-9198-c70aa3dd12d3</RqUID>
			<LoanAcctId>
				<AcctId>160</AcctId>				[Account ID, Send back with request]
				<AcctType>LN</AcctType> 			[Account Type, Send back with request]

			</LoanAcctId>
			<IncExtBal>1</IncExtBal>
			<IncBal>1</IncBal>
			<Addr>
				<FullName>DON A RIPPETOE</FullName>
				<Addr1>707 W ALGONQUIN RD</Addr1>
				<Addr2>ARLINGTON HEIGHTS IL 60005-4406</Addr2>
				<ZipCode>60005-4406</ZipCode>
			</Addr>
			[InterestRate]
			<IntRate>7</IntRate>
			<Term>
				<Count>147</Count>
				<TermUnits>Months</TermUnits>
			</Term>
			<AcctBal>
				[UnusedAmount]
				<BalType>AvailCredit</BalType>
				<CurAmt>
					<Amt>0.00</Amt>
					<CurCode>USD</CurCode>
				</CurAmt>
			</AcctBal>
			<AcctBal>
				[OverLimitMaxAmount]
				<BalType>CreditLimit</BalType>
				<CurAmt>
					<Amt>565000.00</Amt>
					<CurCode>USD</CurCode>
				</CurAmt>
			</AcctBal>
			<AcctBal>
				[PayoffAmount]
				<BalType>PayoffAmt</BalType>
				<CurAmt>
					<Amt>642868.77</Amt>
					<CurCode>USD</CurCode>
				</CurAmt>
			</AcctBal>
			<AcctBal>
				[CurrentLoanBalance],[ChargeOffPrincipal]
				<BalType>Principal</BalType>
				<CurAmt>
					<Amt>553900.98</Amt>
					<CurCode>USD</CurCode>
				</CurAmt>
			</AcctBal>
			<AcctBal>
				[EscrowBalance]
				<BalType>Escrow</BalType>
				<CurAmt>
					<Amt>0.00</Amt>
					<CurCode>USD</CurCode>
				</CurAmt>
			</AcctBal>
			<AcctBal>
				[LateChargesDue]
				<BalType>LateChargeBal</BalType>
				<CurAmt>
					<Amt>4429.25</Amt>
					<CurCode>USD</CurCode>
				</CurAmt>
			</AcctBal>
			<AcctBal>
				[InterestDueAmount]
				<BalType>InterestDue</BalType>
				<CurAmt>
					<Amt>85844.08</Amt>
					<CurCode>USD</CurCode>
				</CurAmt>
			</AcctBal>
			<AcctBal>
				[TotalAmountDue]
				<BalType>PmtDue</BalType>
				<CurAmt>
					<Amt>642666.46</Amt>
					<CurCode>USD</CurCode>
				</CurAmt>
			</AcctBal>
			<ExtAcctBal>
				[OriginalAmount]
				<ExtBalType>Orig</ExtBalType>
				<CurAmt>
					<Amt>565000.00</Amt>
					<CurCode>USD</CurCode>
				</CurAmt>
			</ExtAcctBal>
			<ExtAcctBal>
				<ExtBalType>LastAdvAmt</ExtBalType>
				<CurAmt>
					<Amt>565000.00</Amt>
					<CurCode>USD</CurCode>
				</CurAmt>
			</ExtAcctBal>
			<ExtAcctBal>
				<ExtBalType>CreditLifeInsDue</ExtBalType>
				<CurAmt>
					<Amt>0.00</Amt>
					<CurCode>USD</CurCode>
				</CurAmt>
			</ExtAcctBal>
			<ExtAcctBal>
				<ExtBalType>AHInsDue</ExtBalType>
				<CurAmt>
					<Amt>0.00</Amt>
					<CurCode>USD</CurCode>
				</CurAmt>
			</ExtAcctBal>
			<ExtAcctBal>
				<ExtBalType>OtherInsDue</ExtBalType>
				<CurAmt>
					<Amt>0.00</Amt>
					<CurCode>USD</CurCode>
				</CurAmt>
			</ExtAcctBal>
			<ExtAcctBal>
				<ExtBalType>LastEscrowDisbAmt</ExtBalType>
				<CurAmt>
					<Amt>0.00</Amt>
					<CurCode>USD</CurCode>
				</CurAmt>
			</ExtAcctBal>
			<ExtAcctBal>
				[EscrowPayment],[EscrowDue]
				<ExtBalType>EscrowPmtDue</ExtBalType>
				<CurAmt>
					<Amt>0.00</Amt>
					<CurCode>USD</CurCode>
				</CurAmt>
			</ExtAcctBal>
			<ExtAcctBal>
				[PropertyTaxesYTD]
				<ExtBalType>YTDEscrowTaxesPaid</ExtBalType>
				<CurAmt>
					<Amt>0.00</Amt>
					<CurCode>USD</CurCode>
				</CurAmt>
			</ExtAcctBal>
			<ExtAcctBal>
				<ExtBalType>YTDEscrowPaid</ExtBalType>
				<CurAmt>
					<Amt>0.00</Amt>
					<CurCode>USD</CurCode>
				</CurAmt>
			</ExtAcctBal>
			<ExtAcctBal>
				<ExtBalType>YTDCreditLifeInsPaid</ExtBalType>
				<CurAmt>
					<Amt>0.00</Amt>
					<CurCode>USD</CurCode>
				</CurAmt>
			</ExtAcctBal>
			<ExtAcctBal>
				<ExtBalType>YTDAHInsPaid</ExtBalType>
				<CurAmt>
					<Amt>0.00</Amt>
					<CurCode>USD</CurCode>
				</CurAmt>
			</ExtAcctBal>
			<ExtAcctBal>
				<ExtBalType>YTDOtherInsPaid</ExtBalType>
				<CurAmt>
					<Amt>0.00</Amt>
					<CurCode>USD</CurCode>
				</CurAmt>
			</ExtAcctBal>
			<ExtAcctBal>
				<ExtBalType>YTDEscrowIntPaid</ExtBalType>
				<CurAmt>
					<Amt>0.00</Amt>
					<CurCode>USD</CurCode>
				</CurAmt>
			</ExtAcctBal>
			<ExtAcctBal>
				<ExtBalType>LastYrEscrowIntPaid</ExtBalType>
				<CurAmt>
					<Amt>0.00</Amt>
					<CurCode>USD</CurCode>
				</CurAmt>
			</ExtAcctBal>
			[LastYrTaxesPaidYTD]
			<ExtAcctBal>
				<ExtBalType>LastYrEscrowTaxesPaid</ExtBalType>
				<CurAmt>
					<Amt>0.00</Amt>
					<CurCode>USD</CurCode>
				</CurAmt>
			</ExtAcctBal>
			<ExtAcctBal>
				<ExtBalType>LastYrCreditLifeInsPaid</ExtBalType>
				<CurAmt>
					<Amt>0.00</Amt>
					<CurCode>USD</CurCode>
				</CurAmt>
			</ExtAcctBal>
			<ExtAcctBal>
				<ExtBalType>LastYrAHInsPaid</ExtBalType>
				<CurAmt>
					<Amt>0.00</Amt>
					<CurCode>USD</CurCode>
				</CurAmt>
			</ExtAcctBal>
			<ExtAcctBal>
				<ExtBalType>LastYrOtherInsPaid</ExtBalType>
				<CurAmt>
					<Amt>0.00</Amt>
					<CurCode>USD</CurCode>
				</CurAmt>
			</ExtAcctBal>
			[LastYrEscrowInterestYTD]
			<ExtAcctBal>
				<ExtBalType>LastYrIntPaid</ExtBalType>
				<CurAmt>
					<Amt>15.00</Amt>
					<CurCode>USD</CurCode>
				</CurAmt>
			</ExtAcctBal>
			<ExtAcctBal>
				[InterestPaidYTD]
				<ExtBalType>YTDInterestPaid</ExtBalType>
				<CurAmt>
					<Amt>105178.63</Amt>
					<CurCode>USD</CurCode>
				</CurAmt>
			</ExtAcctBal>
			<ExtAcctBal>
				<ExtBalType>TotalFeeAmt</ExtBalType>
				<CurAmt>
					<Amt>0.00</Amt>
					<CurCode>USD</CurCode>
				</CurAmt>
			</ExtAcctBal>
			<ExtAcctBal>
				<ExtBalType>TotalFeeAssessedAmt</ExtBalType>
				<CurAmt>
					<Amt>0.00</Amt>
					<CurCode>USD</CurCode>
				</CurAmt>
			</ExtAcctBal>
			<ExtAcctBal>
				<ExtBalType>MTDFeeAmt</ExtBalType>
				<CurAmt>
					<Amt>0.00</Amt>
					<CurCode>USD</CurCode>
				</CurAmt>
			</ExtAcctBal>
			<ExtAcctBal>
				<ExtBalType>MTDFeeAssessedAmt</ExtBalType>
				<CurAmt>
					<Amt>0.00</Amt>
					<CurCode>USD</CurCode>
				</CurAmt>
			</ExtAcctBal>
			<ExtAcctBal>
				<ExtBalType>YTDFeeAmt</ExtBalType>
				<CurAmt>
					<Amt>0.00</Amt>
					<CurCode>USD</CurCode>
				</CurAmt>
			</ExtAcctBal>
			<ExtAcctBal>
				<ExtBalType>YTDFeeAssessedAmt</ExtBalType>
				<CurAmt>
					<Amt>0.00</Amt>
					<CurCode>USD</CurCode>
				</CurAmt>
			</ExtAcctBal>
			<ExtAcctBal>
				<ExtBalType>TotalFeePaidAmt</ExtBalType>
				<CurAmt>
					<Amt>0.00</Amt>
					<CurCode>USD</CurCode>
				</CurAmt>
			</ExtAcctBal>
			<ExtAcctBal>
				<ExtBalType>MTDFeePaidAmt</ExtBalType>
				<CurAmt>
					<Amt>0.00</Amt>
					<CurCode>USD</CurCode>
				</CurAmt>
			</ExtAcctBal>
			[LateChargesPaidYTD]
			<ExtAcctBal>
				<ExtBalType>YTDFeePaidAmt</ExtBalType>
				<CurAmt>
					<Amt>0.00</Amt>
					<CurCode>USD</CurCode>
				</CurAmt>
			</ExtAcctBal>
			<ExtAcctBal>
				<ExtBalType>TotalFeeWaivedAmt</ExtBalType>
				<CurAmt>
					<Amt>0.00</Amt>
					<CurCode>USD</CurCode>
				</CurAmt>
			</ExtAcctBal>
			<ExtAcctBal>
				<ExtBalType>MTDFeeWaivedAmt</ExtBalType>
				<CurAmt>
					<Amt>0.00</Amt>
					<CurCode>USD</CurCode>
				</CurAmt>
			</ExtAcctBal>
			<ExtAcctBal>
				<ExtBalType>YTDFeeWaivedAmt</ExtBalType>
				<CurAmt>
					<Amt>0.00</Amt>
					<CurCode>USD</CurCode>
				</CurAmt>
			</ExtAcctBal>
			<ExtAcctBal>
				<ExtBalType>FeeDueAmt</ExtBalType>
				<CurAmt>
					<Amt>0.00</Amt>
					<CurCode>USD</CurCode>
				</CurAmt>
			</ExtAcctBal>
			<ExtAcctBal>
				<ExtBalType>FeesAccruedThisCycleAmt</ExtBalType>
				<CurAmt>
					<Amt>0.00</Amt>
					<CurCode>USD</CurCode>
				</CurAmt>
			</ExtAcctBal>
			<ExtAcctBal>
				<ExtBalType>UnearnedLoanFeeAmt</ExtBalType>
				<CurAmt>
					<Amt>0.00</Amt>
					<CurCode>USD</CurCode>
				</CurAmt>
			</ExtAcctBal>
			<ExtAcctBal>
				<ExtBalType>EarlyPayoffPenAmt</ExtBalType>
				<CurAmt>
					<Amt>0.00</Amt>
					<CurCode>USD</CurCode>
				</CurAmt>
			</ExtAcctBal>
			<LoanAcctRec>
				<BranchId>001</BranchId>
				[NoteDate]
				<OrigDt>
					<Year>1997</Year>
					<Month>1</Month>
					<Day>14</Day>
				</OrigDt>
				[TermInMonths]
				<Term>
					<Count>147</Count>
					<TermUnits>Months</TermUnits>
				</Term>
				[CurrentMaturityDate]
				<MatDt>
					<Year>2009</Year>
					<Month>3</Month>
					<Day>25</Day>
				</MatDt>
				<DailyAccrualFactorAmt>107.702968</DailyAccrualFactorAmt>
				<LoanInfoCommon>
					<OrigDt>
						<Year>1997</Year>
						<Month>1</Month>
						<Day>14</Day>
					</OrigDt>
					<CollateralDesc>LOT/LAND LOANS</CollateralDesc>
					[PaymentDueDate],[NextPaymentDate]
					<PmtDueDt>
						<Year>2009</Year>
						<Month>3</Month>
						<Day>25</Day>
					</PmtDueDt>
					[LastMonetaryActivity]
					<LastPmtDt>
						<Year>2009</Year>
						<Month>3</Month>
						<Day>3</Day>
					</LastPmtDt>

					[LastPaymentAmount]
					<LastPmtCurAmt>
						<Amt>5536.54</Amt>
						<CurCode>USD</CurCode>
					</LastPmtCurAmt>
					<LstRenewalDt>
						<Year>2009</Year>
						<Month>2</Month>
						<Day>25</Day>
					</LstRenewalDt>
				</LoanInfoCommon>
			</LoanAcctRec>
		</AcctInqRs>
	</CashManSvcRs>
	<ResponseTime>0.25</ResponseTime>
	<ResponseDateTime>2009-03-11_03-11-57-25094</ResponseDateTime>
</IFX>





<?xml version="1.0" ?>
<IFX xmlns:xsd="http://www.w3.org/2001/XMLSchema" xmlns:xsi="http://www.w3.org/2001/XMLSchema-instance" xmlns="http://www.fiserv.com/cbs">
	<GeneralStatus>
		<StatusCode>0</StatusCode>
		<StatusLevel>IFX</StatusLevel>
		<StatusDesc>The request was processed successfully.</StatusDesc>
	</GeneralStatus>
	<Status>
		<StatusCode>0</StatusCode>
		<Severity>Info</Severity>
		<StatusDesc>The request was processed successfully.</StatusDesc>
		<SupportUID>673B540C-890B-4FF3-B8B4-A1FC2E89B685</SupportUID>
	</Status>
	<SignonRs>
		<Status>
			<StatusCode>0</StatusCode>
			<Severity>Info</Severity>
			<StatusDesc>The request was processed successfully.</StatusDesc>
			<SupportUID>F2C2999F-BCA0-4AE8-8181-0D0B2822A91C</SupportUID>
		</Status>
		<SignonRole>CSR</SignonRole>
		<CustId>
			<SPName>FiservCBS</SPName>
			<CustLoginId>comr152</CustLoginId>
		</CustId>
		<GenSessKey>0</GenSessKey>
		<ClientDt>
			<Year>2009</Year>
			<Month>3</Month>
			<Day>11</Day>
			<Hour>15</Hour>
			<Minute>11</Minute>
			<Second>57</Second>
		</ClientDt>
		<CustLangPref />
		<ClientApp>
			<Org>Fiserv</Org>
			<Name>CommAdmin</Name>
			<ClientAppKey>CBSILOUBHLLZSUPFBTEMBUHQJOIVKDBR</ClientAppKey>
		</ClientApp>
		<ServerDt>
			<Year>2009</Year>
			<Month>3</Month>
			<Day>11</Day>
			<Hour>13</Hour>
			<Minute>59</Minute>
			<Second>35</Second>
			<Fraction>875000</Fraction>
			<UTCOffset>-300</UTCOffset>
		</ServerDt>
		<Language>en-US</Language>
		<PersonName>
			<LastName>user</LastName>
			<FirstName>fiserv</FirstName>
		</PersonName>
	</SignonRs>
	<EnvironmentInfo>
		<EnvironmentName>rlsbank</EnvironmentName>
	</EnvironmentInfo>
	<CashManSvcRs>
		<Status>
			<StatusCode>0</StatusCode>
			<Severity>Info</Severity>
			<StatusDesc>The request was processed successfully.</StatusDesc>
			<SupportUID>50EAC871-884C-4577-A304-EA3550E4602B</SupportUID>
		</Status>
		<RqUID>50eac871-884c-4577-a304-ea3550e4602b</RqUID>
		<SPName>FiservCBS</SPName>
		<Version>8.1.0.9</Version>
		<AcctInqRs>
			<Status>
				<StatusCode>0</StatusCode>
				<Severity>Info</Severity>
				<StatusDesc>The request was processed successfully.</StatusDesc>
				<SupportUID>5E1AF960-9362-4259-9DC8-2CB8D2B21ACD</SupportUID>
			</Status>
			<RqUID>d4201a71-c064-4931-9198-c70aa3dd12d3</RqUID>
			<LoanAcctId>
				<AcctId>160</AcctId>				[Account ID, Send back with request]
				<AcctType>LN</AcctType> 			[Account Type, Send back with request]

			</LoanAcctId>
			<IncExtBal>1</IncExtBal>
			<IncBal>1</IncBal>
			<Addr>
				<FullName>DON A RIPPETOE</FullName>
				<Addr1>707 W ALGONQUIN RD</Addr1>
				<Addr2>ARLINGTON HEIGHTS IL 60005-4406</Addr2>
				<ZipCode>60005-4406</ZipCode>
			</Addr>
			[InterestRate]
			<IntRate>7</IntRate>
			<Term>
				<Count>147</Count>
				<TermUnits>Months</TermUnits>
			</Term>
			<AcctBal>
				[UnusedAmount]
				<BalType>AvailCredit</BalType>
				<CurAmt>
					<Amt>0.00</Amt>
					<CurCode>USD</CurCode>
				</CurAmt>
			</AcctBal>
			<AcctBal>
				[OverLimitMaxAmount]
				<BalType>CreditLimit</BalType>
				<CurAmt>
					<Amt>565000.00</Amt>
					<CurCode>USD</CurCode>
				</CurAmt>
			</AcctBal>
			<AcctBal>
				[PayoffAmount]
				<BalType>PayoffAmt</BalType>
				<CurAmt>
					<Amt>642868.77</Amt>
					<CurCode>USD</CurCode>
				</CurAmt>
			</AcctBal>
			<AcctBal>
				[CurrentLoanBalance],[ChargeOffPrincipal]
				<BalType>Principal</BalType>
				<CurAmt>
					<Amt>553900.98</Amt>
					<CurCode>USD</CurCode>
				</CurAmt>
			</AcctBal>
			<AcctBal>
				[EscrowBalance]
				<BalType>Escrow</BalType>
				<CurAmt>
					<Amt>0.00</Amt>
					<CurCode>USD</CurCode>
				</CurAmt>
			</AcctBal>
			<AcctBal>
				[LateChargesDue]
				<BalType>LateChargeBal</BalType>
				<CurAmt>
					<Amt>4429.25</Amt>
					<CurCode>USD</CurCode>
				</CurAmt>
			</AcctBal>
			<AcctBal>
				[InterestDueAmount]
				<BalType>InterestDue</BalType>
				<CurAmt>
					<Amt>85844.08</Amt>
					<CurCode>USD</CurCode>
				</CurAmt>
			</AcctBal>
			<AcctBal>
				[TotalAmountDue]
				<BalType>PmtDue</BalType>
				<CurAmt>
					<Amt>642666.46</Amt>
					<CurCode>USD</CurCode>
				</CurAmt>
			</AcctBal>
			<ExtAcctBal>
				[OriginalAmount]
				<ExtBalType>Orig</ExtBalType>
				<CurAmt>
					<Amt>565000.00</Amt>
					<CurCode>USD</CurCode>
				</CurAmt>
			</ExtAcctBal>
			<ExtAcctBal>
				[EscrowPayment],[EscrowDue]
				<ExtBalType>EscrowPmtDue</ExtBalType>
				<CurAmt>
					<Amt>0.00</Amt>
					<CurCode>USD</CurCode>
				</CurAmt>
			</ExtAcctBal>
			<ExtAcctBal>
				[PropertyTaxesYTD]
				<ExtBalType>YTDEscrowTaxesPaid</ExtBalType>
				<CurAmt>
					<Amt>0.00</Amt>
					<CurCode>USD</CurCode>
				</CurAmt>
			</ExtAcctBal>
			[LastYrTaxesPaidYTD]
			<ExtAcctBal>
				<ExtBalType>LastYrEscrowTaxesPaid</ExtBalType>
				<CurAmt>
					<Amt>0.00</Amt>
					<CurCode>USD</CurCode>
				</CurAmt>
			</ExtAcctBal>
			[LastYrEscrowInterestYTD]
			<ExtAcctBal>
				<ExtBalType>LastYrIntPaid</ExtBalType>
				<CurAmt>
					<Amt>15.00</Amt>
					<CurCode>USD</CurCode>
				</CurAmt>
			</ExtAcctBal>
			[InterestPaidYTD]
			<ExtAcctBal>
				<ExtBalType>YTDInterestPaid</ExtBalType>
				<CurAmt>
					<Amt>105178.63</Amt>
					<CurCode>USD</CurCode>
				</CurAmt>
			</ExtAcctBal>
			[LateChargesPaidYTD]
			<ExtAcctBal>
				<ExtBalType>YTDFeePaidAmt</ExtBalType>
				<CurAmt>
					<Amt>0.00</Amt>
					<CurCode>USD</CurCode>
				</CurAmt>
			</ExtAcctBal>
			<LoanAcctRec>
				<BranchId>001</BranchId>
				[NoteDate]
				<OrigDt>
					<Year>1997</Year>
					<Month>1</Month>
					<Day>14</Day>
				</OrigDt>
				[TermInMonths]
				<Term>
					<Count>147</Count>
					<TermUnits>Months</TermUnits>
				</Term>
				[CurrentMaturityDate]
				<MatDt>
					<Year>2009</Year>
					<Month>3</Month>
					<Day>25</Day>
				</MatDt>
				<LoanInfoCommon>

					[PaymentDueDate],[NextPaymentDate]
					<PmtDueDt>
						<Year>2009</Year>
						<Month>3</Month>
						<Day>25</Day>
					</PmtDueDt>
					[LastMonetaryActivity]
					<LastPmtDt>
						<Year>2009</Year>
						<Month>3</Month>
						<Day>3</Day>
					</LastPmtDt>

					[LastPaymentAmount]
					<LastPmtCurAmt>
						<Amt>5536.54</Amt>
						<CurCode>USD</CurCode>
					</LastPmtCurAmt>
				</LoanInfoCommon>
			</LoanAcctRec>
		</AcctInqRs>
	</CashManSvcRs>
	<ResponseTime>0.25</ResponseTime>
	<ResponseDateTime>2009-03-11_03-11-57-25094</ResponseDateTime>
</IFX>

